frame,bbox_topleft_x,bbox_topleft_y,bbox_width,bbox_height,track_id,color,type,speed
0,540,773,58,32,13,4,5,32
1,541,773,57,31,13,4,5,32
2,541,773,57,31,13,4,5,32
3,541,773,57,31,13,4,5,32
4,541,773,57,31,13,4,5,32
5,541,773,57,31,13,4,5,32
6,541,773,57,31,13,4,5,32
7,541,773,57,31,13,4,5,32
8,541,773,57,32,13,4,5,32
9,541,773,57,32,13,4,5,32
10,541,773,57,32,13,4,5,32
11,541,773,57,32,13,4,5,32
12,541,773,58,31,13,4,5,33
13,541,773,58,31,13,4,5,33
14,541,773,58,31,13,4,5,33
15,541,773,58,31,13,4,5,33
16,541,773,58,31,13,4,5,33
17,541,773,58,31,13,4,5,33
18,541,773,58,31,13,4,5,33
19,541,773,57,31,13,4,5,34
20,541,773,57,31,13,4,5,34
21,541,773,57,31,13,4,5,35
22,541,773,57,31,13,4,5,35
23,541,773,58,31,13,4,5,35
24,541,773,57,31,13,4,5,35
25,541,773,57,31,13,4,5,34
26,541,773,57,31,13,4,5,34
27,541,773,57,31,13,4,5,34
28,541,773,57,31,13,4,5,34
29,541,773,57,31,13,4,5,34
30,541,773,57,31,13,4,5,35
31,541,773,57,31,13,4,5,35
32,541,773,57,31,13,4,5,35
33,541,773,57,31,13,4,5,35
34,541,773,57,31,13,4,5,35
35,541,773,57,31,13,4,5,35
36,541,773,58,32,13,4,5,36
37,541,773,58,32,13,4,5,36
38,541,773,58,32,13,4,5,36
39,541,773,58,32,13,4,5,36
40,541,773,58,32,13,4,5,36
41,541,773,57,32,13,4,5,36
42,541,773,57,32,13,4,5,36
43,541,773,57,32,13,4,5,36
44,541,773,57,32,13,4,5,36
45,541,773,57,32,13,4,5,36
46,541,773,57,32,13,4,5,35
47,541,773,57,32,13,4,5,34
48,541,773,58,32,13,4,5,32
49,541,773,58,32,13,4,5,32
50,541,773,58,32,13,4,5,31
51,541,773,58,32,13,4,5,32
52,541,773,58,32,13,4,5,33
53,541,773,58,32,13,4,5,34
54,541,773,58,32,13,4,5,36
55,541,773,58,32,13,4,5,36
56,541,773,58,32,13,4,5,37
57,541,773,57,32,13,4,5,38
58,541,773,57,32,13,4,5,40
59,541,773,57,32,13,4,5,41
60,541,773,57,32,13,4,5,42
61,541,773,57,32,13,4,5,42
62,541,773,58,32,13,4,5,42
63,541,773,58,32,13,4,5,41
64,541,773,57,32,13,4,5,40
65,541,773,57,32,13,4,5,40
66,540,773,57,32,13,4,5,42
67,540,773,57,32,13,4,5,44
68,540,773,57,32,13,4,5,45
69,541,773,57,32,13,4,5,46
70,541,773,57,32,13,4,5,46
71,541,773,57,32,13,4,5,45
72,540,773,59,32,13,4,5,46
73,540,773,58,32,13,4,5,48
74,540,773,58,32,13,4,5,50
75,540,773,59,32,13,4,5,53
76,540,773,59,32,13,4,5,54
77,540,773,59,32,13,4,5,54
78,540,773,59,32,13,4,5,51
79,540,773,58,32,13,4,5,48
80,540,773,58,32,13,4,5,46
81,540,773,58,32,13,4,5,43
82,540,773,58,32,13,4,5,42
83,540,773,58,32,13,4,5,39
84,540,773,58,32,13,4,5,41
85,540,773,58,32,13,4,5,44
86,541,773,58,32,13,4,5,50
87,540,773,57,32,13,4,5,53
88,540,773,57,32,13,4,5,53
89,540,773,57,32,13,4,5,53
90,541,772,58,32,13,4,5,51
91,541,772,59,32,13,4,5,51
92,541,772,58,32,13,4,5,50
93,541,772,58,32,13,4,5,53
94,541,773,58,32,13,4,5,59
95,541,773,58,32,13,4,5,71
96,541,773,58,31,13,4,5,80
97,541,773,58,31,13,4,5,87
98,541,773,58,31,13,4,5,87
99,541,773,57,31,13,4,5,87
100,541,773,57,31,13,4,5,81
101,541,772,58,31,13,4,5,80
102,541,772,57,31,13,4,5,84
103,541,772,58,31,13,4,5,93
104,542,772,57,31,13,4,5,86
105,541,772,58,31,13,4,5,89
106,542,772,57,31,13,4,5,73
107,543,773,57,31,13,4,5,64
108,542,772,59,31,13,4,5,56
109,542,773,60,31,13,4,5,67
110,542,773,60,31,13,4,5,87
111,541,773,60,31,13,4,5,92
112,542,773,60,31,13,4,5,91
113,542,773,60,31,13,4,5,84
114,542,773,60,31,13,4,5,78
115,542,773,60,31,13,4,5,76
116,542,773,60,31,13,4,5,77
117,542,773,60,31,13,4,5,83
118,542,773,59,31,13,4,5,92
119,542,773,59,31,13,4,5,103
120,541,772,57,32,13,4,5,109
121,541,772,58,32,13,4,5,107
122,541,772,57,32,13,4,5,100
123,541,772,58,32,13,4,5,88
124,541,772,57,32,13,4,5,76
125,541,772,58,32,13,4,5,56
126,541,772,57,32,13,4,5,37
127,541,772,57,32,13,4,5,20
128,541,772,58,32,13,4,5,14
129,541,772,58,32,13,4,5,18
130,541,772,58,32,13,4,5,22
131,541,772,58,32,13,4,5,25
132,541,772,58,32,13,4,5,24
133,541,772,58,32,13,4,5,26
134,542,772,58,32,13,4,5,28
135,541,772,58,32,13,4,5,24
136,541,773,58,31,13,4,5,37
137,541,773,58,31,13,4,5,54
138,541,772,58,32,13,4,5,85
139,541,772,58,32,13,4,5,99
140,541,772,58,32,13,4,5,96
141,541,772,58,32,13,4,5,81
142,541,772,58,32,13,4,5,55
143,541,772,58,32,13,4,5,38
144,542,772,57,32,13,4,5,25
145,541,772,59,32,13,4,5,17
146,541,772,59,32,13,4,5,12
147,541,772,59,32,13,4,5,7
148,540,772,59,32,13,4,5,6
149,540,772,59,32,13,4,5,5
150,540,772,59,32,13,4,5,4
151,540,772,59,32,13,4,5,4
152,540,772,59,32,13,4,5,4
153,540,772,59,32,13,4,5,3
154,540,772,59,32,13,4,5,3
155,540,772,59,32,13,4,5,3
156,541,772,58,32,13,4,5,4
157,541,772,58,32,13,4,5,4
158,541,772,58,32,13,4,5,4
159,541,772,58,32,13,4,5,4
160,541,772,58,32,13,4,5,4
161,541,772,57,32,13,4,5,4
162,541,772,57,32,13,4,5,3
163,541,772,57,32,13,4,5,2
164,541,772,58,32,13,4,5,2
165,541,772,58,32,13,4,5,3
166,541,772,58,32,13,4,5,4
167,541,772,58,32,13,4,5,5
168,541,772,60,32,13,4,5,6
169,540,772,60,32,13,4,5,5
170,540,772,60,32,13,4,5,4
171,540,772,60,32,13,4,5,4
172,540,772,60,32,13,4,5,5
173,541,772,60,32,13,4,5,8
174,541,772,60,32,13,4,5,12
175,541,772,59,32,13,4,5,18
176,541,772,59,32,13,4,5,17
177,541,772,59,32,13,4,5,15
178,541,772,59,32,13,4,5,11
179,541,772,59,32,13,4,5,14
180,541,771,58,33,13,4,5,15
181,541,771,58,33,13,4,5,26
182,541,771,57,33,13,4,5,43
183,541,771,57,33,13,4,5,55
184,541,771,57,33,13,4,5,61
185,541,771,57,33,13,4,5,57
186,541,771,57,32,13,4,5,53
187,541,771,57,32,13,4,5,43
188,541,772,57,32,13,4,5,30
189,541,772,57,32,13,4,5,22
190,541,771,57,32,13,4,5,39
191,542,772,57,32,13,4,5,66
192,541,772,56,32,13,4,5,100
193,541,772,55,32,13,4,5,110
194,541,772,55,32,13,4,5,117
195,541,771,55,33,13,4,5,116
196,541,771,55,33,13,4,5,98
197,541,772,55,32,13,4,5,73
198,541,772,55,32,13,4,5,43
199,541,772,55,32,13,4,5,29
200,541,772,55,32,13,4,5,17
201,541,772,55,32,13,4,5,11
202,541,772,55,32,13,4,5,7
203,541,772,55,32,13,4,5,6
204,542,772,56,33,13,4,5,6
205,542,771,56,32,13,4,5,4
206,541,772,56,32,13,4,5,3
207,542,772,56,33,13,4,5,2
208,542,772,56,33,13,4,5,2
209,543,772,55,34,13,4,5,2
210,544,772,54,34,13,4,5,2
211,543,771,54,34,13,4,5,1
212,543,771,54,36,13,4,5,0
213,542,770,56,36,13,4,5,0
214,542,771,59,37,13,4,5,0
215,542,770,64,38,13,4,5,1
216,542,770,66,37,13,4,5,3
217,542,770,70,36,13,4,5,4
218,542,771,57,35,13,4,5,5
219,582,810,59,41,8,4,5,5
219,543,772,55,34,13,4,5,4
220,582,805,67,46,8,4,5,4
220,542,773,57,34,13,4,5,4
221,586,805,71,49,8,4,5,5
221,542,773,55,32,13,4,5,6
222,588,806,78,50,8,4,5,6
222,543,773,56,32,13,4,5,5
223,600,808,73,50,8,4,5,3
223,542,773,55,32,13,4,5,5
224,608,807,74,50,8,4,5,6
224,542,773,55,31,13,4,5,8
225,612,803,76,55,8,4,5,6
225,541,774,56,31,13,4,5,8
226,620,804,75,54,8,4,5,11
226,541,774,57,31,13,4,5,11
227,627,804,79,55,8,4,5,11
227,541,773,58,32,13,4,5,10
228,637,805,78,55,8,4,5,12
228,542,773,57,32,13,4,5,10
229,644,803,75,60,8,4,5,7
229,542,773,56,32,13,4,5,4
230,651,804,69,60,8,4,5,2
230,542,773,57,32,13,4,5,1
231,660,806,66,59,8,4,5,1
231,542,773,57,32,13,4,5,2
232,668,811,60,56,8,4,5,4
232,542,773,57,32,13,4,5,5
233,676,812,94,57,8,4,5,4
233,542,773,57,32,13,4,5,3
234,686,809,93,62,8,4,5,3
234,542,773,56,31,13,4,5,3
235,700,806,94,62,8,4,5,4
235,542,773,56,32,13,4,5,4
236,708,806,99,67,8,4,5,3
236,542,773,56,32,13,4,5,1
237,734,807,85,69,8,4,5,1
237,543,773,56,32,13,4,5,1
238,736,805,97,74,8,4,5,1
238,542,773,56,32,13,4,5,2
239,741,805,106,79,8,4,5,2
239,542,773,58,31,13,4,5,2
240,751,806,110,83,8,4,5,2
240,541,774,59,31,13,4,5,2
241,765,807,110,83,8,4,5,2
241,541,774,59,31,13,4,5,2
242,775,808,115,85,8,4,5,2
242,541,774,59,31,13,4,5,2
243,785,808,124,92,8,4,5,2
243,541,774,59,31,13,4,5,2
244,797,806,128,99,8,4,5,3
244,541,774,59,31,13,4,5,2
245,809,806,131,104,8,4,5,2
245,541,774,59,31,13,4,5,1
246,824,809,138,103,8,4,5,2
246,541,774,59,31,13,4,5,1
247,838,815,145,105,8,4,5,1
247,541,774,59,31,13,4,5,1
248,856,816,145,109,8,4,5,1
248,541,774,59,31,13,4,5,1
249,868,815,158,115,8,4,5,3
249,541,774,59,31,13,4,5,5
250,887,816,163,119,8,4,5,6
250,540,773,58,31,13,4,5,5
251,904,818,172,126,8,4,5,5
251,540,773,58,31,13,4,5,5
252,923,820,183,131,8,4,5,7
252,540,773,59,31,13,4,5,7
253,945,821,192,141,8,4,5,6
253,540,773,59,31,13,4,5,2
254,967,823,206,150,8,4,5,1
254,540,773,59,31,13,4,5,0
255,993,825,222,162,8,4,5,0
255,540,773,59,31,13,4,5,0
256,1019,829,239,171,8,4,5,0
256,540,773,59,31,13,4,5,0
257,1048,836,262,181,8,4,5,0
257,540,773,59,32,13,4,5,1
258,1086,840,280,195,8,4,5,1
258,540,773,59,32,13,4,5,1
259,1121,847,308,209,8,4,5,0
259,540,773,61,32,13,4,5,0
260,1166,848,345,235,8,4,5,0
260,540,773,61,32,13,4,5,1
261,1216,852,387,258,8,4,5,1
261,540,773,61,32,13,4,5,2
262,1267,858,450,290,8,4,5,3
262,540,773,61,32,13,4,5,4
263,1346,872,511,315,8,4,5,5
263,540,773,59,32,13,4,5,5
264,1427,878,603,363,8,4,5,4
264,539,773,60,32,13,4,5,4
265,1535,892,717,416,8,4,5,4
265,539,773,60,32,13,4,5,5
266,1666,907,886,487,8,4,5,5
266,539,773,60,32,13,4,5,5
267,1831,933,726,583,8,4,5,4
267,539,773,60,32,13,4,5,4
268,2049,946,509,528,8,4,5,5
268,539,773,59,32,13,4,5,6
269,540,773,58,31,13,4,5,7
270,540,773,58,31,13,4,5,7
271,540,773,58,31,13,4,5,7
272,540,773,58,31,13,4,5,6
273,540,773,58,31,13,4,5,4
274,540,773,58,31,13,4,5,2
275,540,773,58,31,13,4,5,1
276,541,773,57,31,13,4,5,0
277,541,773,57,31,13,4,5,0
278,541,773,57,31,13,4,5,0
279,541,773,57,31,13,4,5,1
280,541,773,57,31,13,4,5,1
281,541,773,57,31,13,4,5,2
282,541,773,57,31,13,4,5,2
283,541,773,57,31,13,4,5,2
284,541,773,57,31,13,4,5,2
285,541,773,57,31,13,4,5,2
286,541,773,57,31,13,4,5,1
287,541,773,57,31,13,4,5,2
288,541,773,57,31,13,4,5,3
289,541,773,57,31,13,4,5,3
290,541,773,57,31,13,4,5,4
291,541,773,57,31,13,4,5,5
292,541,773,57,31,13,4,5,6
293,541,773,57,31,13,4,5,5
294,541,773,57,31,13,4,5,4
295,541,773,57,31,13,4,5,2
296,541,773,57,31,13,4,5,1
297,541,773,57,31,13,4,5,1
298,541,773,57,32,13,4,5,2
299,541,773,57,32,13,4,5,3
300,541,773,57,31,13,4,5,4
301,541,773,57,31,13,4,5,3
302,541,773,57,31,13,4,5,2
303,541,773,57,31,13,4,5,3
304,541,773,58,31,13,4,5,3
305,541,773,58,31,13,4,5,2
306,541,773,58,31,13,4,5,3
307,541,773,58,31,13,4,5,3
308,541,773,58,31,13,4,5,5
309,541,773,58,31,13,4,5,6
310,541,773,58,31,13,4,5,7
311,541,773,58,31,13,4,5,7
312,541,773,59,31,13,4,5,11
313,541,773,59,31,13,4,5,11
314,541,773,58,31,13,4,5,10
315,541,773,58,31,13,4,5,5
316,541,773,59,31,13,4,5,4
317,541,773,59,31,13,4,5,2
318,541,773,59,31,13,4,5,3
319,541,773,58,31,13,4,5,3
320,541,773,59,31,13,4,5,4
321,541,773,58,31,13,4,5,4
322,541,773,58,31,13,4,5,3
323,541,773,58,31,13,4,5,3
324,541,773,59,31,13,4,5,2
325,541,773,59,31,13,4,5,1
326,541,773,59,31,13,4,5,1
327,541,773,59,31,13,4,5,1
328,541,773,59,31,13,4,5,2
329,541,773,59,31,13,4,5,2
330,541,773,59,31,13,4,5,2
331,541,773,59,31,13,4,5,2
332,541,773,59,31,13,4,5,2
333,541,773,58,31,13,4,5,1
334,541,773,58,31,13,4,5,0
335,541,773,58,31,13,4,5,0
336,541,773,57,31,13,4,5,0
337,541,773,57,31,13,4,5,1
338,541,773,57,31,13,4,5,2
339,541,773,57,31,13,4,5,3
340,541,773,57,31,13,4,5,4
341,541,773,58,31,13,4,5,5
342,541,773,58,31,13,4,5,6
343,541,773,58,31,13,4,5,5
344,541,773,58,31,13,4,5,5
345,541,773,58,31,13,4,5,4
346,541,773,58,31,13,4,5,4
347,541,773,59,31,13,4,5,3
348,541,773,60,31,13,4,5,4
349,540,773,58,31,13,4,5,5
350,540,773,58,31,13,4,5,8
351,540,773,58,31,13,4,5,11
352,540,773,58,31,13,4,5,13
353,540,773,58,31,13,4,5,13
354,540,773,58,31,13,4,5,12
355,541,773,57,31,13,4,5,11
356,541,773,57,31,13,4,5,8
357,541,773,57,31,13,4,5,7
358,541,773,58,31,13,4,5,6
359,541,773,57,32,13,4,5,8
360,541,773,56,31,13,4,5,8
361,541,773,56,31,13,4,5,9
362,540,773,56,31,13,4,5,10
363,540,773,56,31,13,4,5,9
364,540,773,56,31,13,4,5,7
365,540,773,56,31,13,4,5,4
366,540,773,56,31,13,4,5,3
367,540,773,56,31,13,4,5,2
368,540,773,56,31,13,4,5,1
369,540,773,55,31,13,4,5,1
370,540,773,55,31,13,4,5,1
371,540,773,55,31,13,4,5,2
372,540,773,56,31,13,4,5,2
373,540,773,56,31,13,4,5,2
374,540,773,56,31,13,4,5,1
375,540,773,56,31,13,4,5,1
376,540,773,56,31,13,4,5,0
377,540,773,56,31,13,4,5,0
378,540,773,56,31,13,4,5,0
379,541,773,56,31,13,4,5,0
380,541,773,56,31,13,4,5,0
381,541,773,56,31,13,4,5,0
382,541,773,56,31,13,4,5,0
383,541,773,56,31,13,4,5,0
384,540,773,57,31,13,4,5,1
385,540,773,57,31,13,4,5,1
386,540,773,57,31,13,4,5,1
387,540,773,57,31,13,4,5,1
388,540,773,57,31,13,4,5,1
389,540,773,57,31,13,4,5,1
390,540,773,57,31,13,4,5,2
391,540,773,57,31,13,4,5,2
392,540,773,57,31,13,4,5,3
393,540,773,57,31,13,4,5,3
394,540,773,56,31,13,4,5,5
395,540,773,56,31,13,4,5,5
396,540,773,56,31,13,4,5,6
397,540,773,56,31,13,4,5,5
398,540,773,56,31,13,4,5,3
399,540,773,56,31,13,4,5,1
400,541,773,56,31,13,4,5,1
401,541,773,56,31,13,4,5,0
402,540,773,57,31,13,4,5,0
403,540,773,57,31,13,4,5,0
404,540,773,58,31,13,4,5,1
405,540,773,57,31,13,4,5,1
406,540,773,58,31,13,4,5,1
407,540,773,58,31,13,4,5,1
408,541,773,56,31,13,4,5,1
409,541,773,56,31,13,4,5,0
410,541,773,56,31,13,4,5,0
411,541,773,56,31,13,4,5,0
412,541,773,56,31,13,4,5,1
413,541,773,56,31,13,4,5,1
414,541,773,56,31,13,4,5,2
415,541,773,56,31,13,4,5,4
416,541,773,56,31,13,4,5,4
417,540,773,56,31,13,4,5,3
418,540,773,56,31,13,4,5,2
419,540,773,56,31,13,4,5,2
420,540,773,57,31,13,4,5,2
421,540,773,57,31,13,4,5,2
422,540,773,57,31,13,4,5,3
423,540,773,57,31,13,4,5,3
424,540,773,57,31,13,4,5,5
425,540,773,57,31,13,4,5,6
426,540,773,57,31,13,4,5,8
427,540,773,57,31,13,4,5,9
428,540,773,57,31,13,4,5,9
429,541,773,56,31,13,4,5,13
430,541,773,56,31,13,4,5,17
431,541,773,56,31,13,4,5,22
432,542,773,57,31,13,4,5,19
433,542,773,57,31,13,4,5,16
434,542,773,58,31,13,4,5,14
435,542,773,58,31,13,4,5,18
436,542,773,57,31,13,4,5,26
437,542,773,58,31,13,4,5,36
438,542,773,58,31,13,4,5,45
439,542,773,58,31,13,4,5,53
440,542,773,58,31,13,4,5,62
441,542,773,58,31,13,4,5,74
442,542,773,58,31,13,4,5,95
443,542,773,58,31,13,4,5,118
444,541,773,56,31,13,4,5,131
445,541,773,56,31,13,4,5,132
446,541,773,56,31,13,4,5,125
447,542,773,56,31,13,4,5,124
448,541,773,56,31,13,4,5,123
449,541,773,56,31,13,4,5,113
450,542,773,56,31,13,4,5,103
451,541,773,56,31,13,4,5,91
452,541,773,56,31,13,4,5,90
453,542,773,56,31,13,4,5,86
454,542,773,56,31,13,4,5,82
455,541,773,56,31,13,4,5,74
456,542,773,56,31,13,4,5,67
457,542,773,56,31,13,4,5,59
458,542,773,56,31,13,4,5,54
459,542,773,56,31,13,4,5,52
460,542,773,57,31,13,4,5,53
461,542,773,57,31,13,4,5,56
462,542,774,58,30,13,4,5,62
463,542,774,58,30,13,4,5,69
464,542,774,58,30,13,4,5,72
465,542,773,58,31,13,4,5,72
466,542,773,58,31,13,4,5,72
467,542,774,58,31,13,4,5,71
468,542,773,57,31,13,4,5,69
469,542,773,57,31,13,4,5,65
470,542,773,57,31,13,4,5,63
471,541,773,57,31,13,4,5,60
472,541,773,57,31,13,4,5,59
473,541,773,57,31,13,4,5,58
474,541,773,56,31,13,4,5,58
475,541,773,57,31,13,4,5,57
476,541,773,57,31,13,4,5,56
477,541,773,57,31,13,4,5,55
478,541,773,57,31,13,4,5,55
479,541,773,57,31,13,4,5,53
480,541,773,58,31,13,4,5,52
481,541,773,58,31,13,4,5,51
482,541,773,58,31,13,4,5,50
483,541,772,54,32,13,4,5,49
484,541,772,54,32,13,4,5,48
485,541,772,54,32,13,4,5,48
486,541,772,54,32,13,4,5,48
487,541,772,54,32,13,4,5,47
488,541,772,54,32,13,4,5,47
489,541,772,54,32,13,4,5,47
490,541,772,54,32,13,4,5,48
491,541,772,54,32,13,4,5,48
492,541,773,54,32,13,4,5,48
493,541,773,54,32,13,4,5,48
494,541,773,54,32,13,4,5,48
495,541,772,54,32,13,4,5,48
496,541,772,54,32,13,4,5,48
497,541,772,54,32,13,4,5,48
498,541,772,54,32,13,4,5,48
499,541,772,54,32,13,4,5,47
500,541,773,53,32,13,4,5,47
501,541,773,53,32,13,4,5,47
502,2457,652,100,140,3,4,5,47
502,541,773,53,32,13,6,11,9
503,2428,650,131,141,3,6,11,9
503,541,773,53,32,13,6,11,9
504,2395,669,164,121,3,6,11,9
504,541,773,53,32,13,6,11,9
505,2359,669,196,121,3,6,11,10
505,541,773,53,32,13,6,11,10
506,2326,664,194,128,3,6,11,10
506,541,773,53,32,13,6,11,10
507,2293,663,183,128,3,6,11,11
507,541,773,53,32,13,6,11,11
508,2262,675,175,113,3,6,11,11
508,541,772,53,32,13,6,11,11
509,2232,659,169,129,3,6,11,11
509,541,773,53,32,13,6,11,11
510,2208,661,161,129,3,6,11,11
510,541,772,53,32,13,6,11,11
511,2180,664,153,124,3,6,11,11
511,541,772,53,32,13,6,11,11
512,2155,658,149,126,3,6,11,11
512,541,772,53,32,13,6,11,11
513,2127,667,148,113,3,6,11,11
513,540,773,55,32,13,6,11,11
514,2098,679,147,104,3,6,11,11
514,540,773,55,32,13,6,11,11
515,2072,678,143,103,3,6,11,11
515,540,773,55,32,13,6,11,11
516,2052,677,137,103,3,6,11,11
516,540,773,57,32,13,6,11,11
517,2029,676,132,103,3,6,11,12
517,540,773,57,32,13,6,11,12
518,2002,679,133,99,3,6,11,12
518,540,773,57,32,13,6,11,12
519,1975,671,134,109,3,6,11,12
519,540,773,57,32,13,6,11,12
520,1948,680,138,99,3,6,11,12
520,540,773,57,32,13,6,11,12
521,1925,685,135,94,3,6,11,12
521,540,773,57,32,13,6,11,12
522,1903,676,128,102,3,6,11,11
522,540,773,57,32,13,6,11,11
523,1885,673,125,106,3,6,11,11
523,540,773,57,32,13,6,11,11
524,1866,682,120,98,3,6,11,11
524,540,773,57,32,13,6,11,11
525,1841,666,120,113,3,6,11,11
525,540,773,57,32,13,6,11,12
526,1824,680,115,99,3,6,11,12
526,540,773,57,32,13,6,11,12
527,1803,673,117,108,3,6,11,11
527,540,773,57,32,13,6,11,11
528,1780,673,118,107,3,6,11,11
528,540,773,57,32,13,6,11,11
529,1764,678,113,100,3,6,11,11
529,540,773,57,32,13,6,11,11
530,1746,687,113,95,3,6,11,10
530,540,773,57,32,13,6,11,10
531,1732,676,105,104,3,6,11,10
531,540,773,57,32,13,6,11,10
532,1715,694,103,86,3,6,11,11
532,540,773,57,32,13,6,11,12
533,1695,688,103,91,3,6,11,13
533,540,773,57,32,13,6,11,13
534,1680,692,101,88,3,6,4,10
534,540,773,57,32,13,6,4,24
535,1666,684,99,96,3,6,4,35
535,540,773,57,32,13,6,4,51
536,1642,693,103,87,3,6,4,55
536,540,773,57,32,13,6,4,59
537,1632,695,97,84,3,6,4,60
537,540,773,57,32,13,6,4,60
538,1626,699,87,81,3,6,4,59
538,540,773,57,32,13,6,4,56
539,1609,676,87,102,3,6,4,54
539,540,773,57,32,13,6,4,52
540,1604,701,79,77,3,6,4,50
540,540,773,57,32,13,6,4,49
541,1590,705,80,74,3,6,4,47
541,540,773,57,32,13,6,4,44
542,1576,699,83,80,3,6,4,41
542,540,773,57,32,13,6,4,41
543,1567,701,77,76,3,6,4,44
543,540,773,57,32,13,6,4,46
544,1561,714,75,65,3,6,4,49
544,540,773,57,32,13,6,4,52
545,1553,702,65,73,3,6,4,55
545,540,773,57,32,13,6,4,54
546,1536,704,70,71,3,6,4,53
546,540,773,57,32,13,6,4,52
547,1525,705,70,71,3,6,4,51
547,540,773,57,32,13,6,4,51
548,1516,704,67,71,3,6,4,50
548,540,773,57,32,13,6,4,50
549,1500,700,71,74,3,6,4,49
549,540,773,57,32,13,6,4,47
550,1493,700,69,75,3,6,4,46
550,540,773,57,32,13,6,4,45
551,1488,708,64,66,3,6,4,44
551,540,773,57,32,13,6,4,43
552,1477,703,62,71,3,6,4,42
552,540,773,57,31,13,6,4,42
553,1466,703,64,70,3,6,4,41
553,540,773,57,31,13,6,4,41
554,1461,705,62,67,3,6,4,41
554,540,773,57,31,13,6,4,40
555,1450,708,60,63,3,6,4,39
555,540,773,57,31,13,6,4,38
556,1444,708,58,63,3,6,4,38
556,540,773,57,31,13,6,4,38
557,1431,703,62,69,3,6,4,38
557,541,773,57,31,13,6,4,38
558,1424,698,63,75,3,6,4,38
558,541,773,58,31,13,6,4,38
559,1410,668,65,103,3,6,4,38
559,540,773,58,31,13,6,4,38
560,1413,706,54,63,3,6,4,38
560,541,773,56,31,13,6,4,38
561,1396,704,66,67,3,6,4,38
561,541,773,57,31,13,6,4,38
562,1372,704,80,67,3,6,4,38
562,540,773,57,31,13,6,4,38
563,1357,700,87,70,3,6,4,38
563,540,773,57,31,13,6,4,38
564,540,773,58,32,13,6,4,38
565,1361,705,65,65,3,6,4,38
565,540,773,58,32,13,6,4,38
566,540,773,58,32,13,6,4,37
567,540,773,58,32,13,6,4,37
568,540,773,57,32,13,6,4,37
569,540,773,57,31,13,6,4,37
570,540,773,57,31,13,6,4,37
571,541,773,56,32,13,6,4,36
572,541,772,56,32,13,6,4,36
573,541,772,56,32,13,6,4,36
574,541,772,56,32,13,6,1,75
575,540,773,57,32,13,6,1,68
576,540,773,59,31,13,6,1,76
577,540,773,59,31,13,6,1,96
578,540,773,59,32,13,6,1,122
579,540,773,59,31,13,6,1,135
580,540,773,59,31,13,6,1,131
581,540,773,59,31,13,6,1,121
582,540,773,59,31,13,6,1,95
583,540,773,58,31,13,6,1,69
584,540,773,59,31,13,6,1,45
585,540,773,59,31,13,6,1,34
586,540,773,59,31,13,6,1,22
587,540,773,59,31,13,6,1,13
588,540,773,58,32,13,6,1,10
589,540,773,59,32,13,6,1,9
590,540,773,59,32,13,6,1,8
591,540,773,59,32,13,6,1,6
592,540,773,59,32,13,6,1,4
593,540,773,59,32,13,6,1,4
594,540,773,58,31,13,6,1,4
595,540,773,58,31,13,6,1,6
596,540,773,58,31,13,6,1,5
597,540,773,58,31,13,6,1,9
598,540,773,58,31,13,6,1,11
599,540,773,58,31,13,6,1,13
600,540,773,58,31,13,6,1,18
601,540,773,58,31,13,6,1,24
602,540,773,58,31,13,6,1,33
603,539,773,61,32,13,6,1,29
604,539,773,61,32,13,6,1,24
605,539,773,61,32,13,6,1,14
606,539,773,61,32,13,6,1,13
607,539,773,60,32,13,6,1,14
608,539,773,60,32,13,6,1,20
609,539,773,60,32,13,6,1,22
610,539,773,59,32,13,6,1,23
611,539,773,59,32,13,6,1,20
612,539,772,58,32,13,6,1,17
613,539,772,58,32,13,6,1,13
614,539,772,58,32,13,6,1,13
615,539,772,58,32,13,6,1,13
616,539,772,58,32,13,6,1,14
617,539,772,58,32,13,6,1,12
618,539,772,59,32,13,6,1,10
619,539,772,58,32,13,6,1,7
620,539,772,58,32,13,6,1,6
621,539,772,58,32,13,6,1,14
622,539,772,58,32,13,6,1,17
623,539,772,57,32,13,6,1,27
624,539,772,58,32,13,6,1,32
625,539,772,58,32,13,6,1,40
626,539,772,58,32,13,6,1,45
627,539,772,58,32,13,6,1,46
628,539,772,58,32,13,6,1,49
629,539,772,58,32,13,6,1,45
630,539,772,57,32,13,6,1,38
631,539,772,58,32,13,6,1,26
632,539,772,58,32,13,6,1,46
633,539,772,58,32,13,6,1,72
634,539,772,58,32,13,6,1,104
635,539,772,57,32,13,6,1,111
636,539,772,57,32,13,6,1,113
637,539,772,57,32,13,6,1,101
638,539,772,57,32,13,6,1,81
639,539,772,57,32,13,6,1,59
640,539,772,57,32,13,6,1,40
641,539,772,57,32,13,6,1,25
642,539,772,57,32,13,6,1,18
643,539,772,57,32,13,6,1,18
644,539,772,57,33,13,6,1,22
645,539,772,57,32,13,6,1,27
646,539,772,57,32,13,6,1,34
647,539,772,57,33,13,6,1,48
648,540,772,58,32,13,6,1,49
649,540,772,58,32,13,6,1,52
650,540,772,58,32,13,6,1,64
651,540,772,57,32,13,6,1,91
652,540,772,57,32,13,6,1,111
653,540,772,57,32,13,6,1,116
654,540,772,57,32,13,3,0,113
655,540,772,57,32,13,3,0,108
656,540,772,57,32,13,3,0,106
657,540,772,57,32,13,3,0,99
658,540,772,57,32,13,3,0,94
659,540,772,57,32,13,3,0,86
660,540,772,57,32,13,3,0,79
661,540,772,57,32,13,3,0,74
662,540,772,57,32,13,3,0,69
663,540,772,57,32,13,3,0,65
664,542,772,55,32,13,3,0,62
665,542,772,56,32,13,3,0,62
666,542,772,56,32,13,3,0,63
667,542,772,56,32,13,3,0,65
668,542,772,56,32,13,3,0,66
669,542,772,55,32,13,3,0,66
670,542,772,55,32,13,3,0,68
671,542,772,55,32,13,3,0,72
672,542,773,55,32,13,3,0,72
673,542,773,55,32,13,3,0,71
674,542,773,55,32,13,3,0,69
675,542,773,55,32,13,3,0,68
676,542,773,55,32,13,3,0,66
677,542,773,55,32,13,3,0,63
678,541,773,56,32,13,3,0,62
679,541,773,56,32,13,3,0,60
680,541,773,56,32,13,3,0,58
681,541,773,56,32,13,3,0,57
682,542,773,56,31,13,3,0,56
683,541,773,55,32,13,3,0,55
684,541,773,57,32,13,3,0,53
685,541,773,57,32,13,3,0,52
686,541,773,57,32,13,3,0,51
687,541,773,57,32,13,3,0,51
688,542,773,56,32,13,3,0,51
689,542,773,55,32,13,3,0,52
690,542,772,55,32,13,3,0,53
691,542,773,55,32,13,3,0,53
692,542,773,55,32,13,3,0,53
693,542,773,55,32,13,3,0,53
694,542,773,55,32,13,3,0,53
695,542,773,55,32,13,3,0,53
696,542,773,55,31,13,3,0,53
697,542,773,55,31,13,3,0,53
698,542,773,55,31,13,3,0,53
699,542,773,55,31,13,3,0,53
700,542,773,55,31,13,3,0,53
701,542,773,56,31,13,3,0,52
702,542,773,56,31,13,3,0,52
703,542,773,56,31,13,3,0,52
704,542,773,55,31,13,5,3,44
705,542,773,55,31,13,5,3,44
706,542,773,55,31,13,5,3,44
707,542,773,56,31,13,5,3,44
708,542,773,56,31,13,5,3,44
709,542,773,56,31,13,5,3,44
710,542,773,55,31,13,5,3,44
711,542,773,55,31,13,5,3,44
712,542,773,55,31,13,5,3,44
713,542,773,55,31,13,5,3,44
714,542,773,56,31,13,5,3,45
715,542,773,56,31,13,5,3,45
716,542,773,56,31,13,5,3,45
717,542,773,56,31,13,5,3,45
718,542,773,56,31,13,5,3,45
719,542,773,57,31,13,5,3,46
720,542,773,56,32,13,5,3,46
721,542,773,55,33,13,5,3,46
722,542,773,56,33,13,5,3,46
723,544,773,54,34,13,5,3,46
724,543,773,55,35,13,5,3,46
725,543,773,55,34,13,5,3,47
726,543,773,53,34,13,5,3,48
727,544,774,52,35,13,5,3,49
728,2269,690,290,260,9,5,3,50
728,542,774,54,35,13,5,3,50
729,2126,654,432,309,9,5,3,50
729,540,774,57,42,13,5,3,51
730,2002,652,555,295,9,5,3,51
730,540,774,60,48,13,5,3,51
731,1901,668,516,262,9,5,3,51
731,534,774,69,55,13,5,3,51
732,1810,663,460,252,9,5,3,49
732,537,775,69,52,13,5,3,48
733,1728,677,418,227,9,5,3,48
733,541,778,76,64,13,5,3,48
734,1657,680,375,213,9,5,3,49
734,545,777,74,65,13,5,3,53
735,1591,686,348,196,9,5,3,57
735,546,777,79,66,13,5,3,59
736,1534,688,320,187,9,5,3,58
736,545,779,85,66,13,5,3,57
737,1482,690,295,179,9,5,3,57
737,549,781,86,65,13,5,3,55
738,1434,690,277,172,9,5,3,55
738,549,780,93,66,13,5,3,56
739,1393,692,257,164,9,5,3,62
739,542,778,107,69,13,5,3,69
740,1352,699,243,150,9,5,3,75
740,561,783,93,64,13,5,3,77
741,542,775,54,33,7,5,3,75
741,1318,699,227,147,9,5,3,70
741,579,788,80,58,13,5,3,66
742,542,775,54,34,7,5,3,65
742,1284,702,214,141,9,5,3,67
742,583,785,81,62,13,5,3,73
743,542,775,56,35,7,5,3,78
743,1253,704,204,135,9,5,3,84
743,586,786,85,63,13,5,3,87
744,541,775,55,33,7,5,3,85
744,1222,708,194,128,9,5,3,93
744,590,787,88,63,13,5,3,105
745,540,773,53,32,7,5,3,123
745,1197,711,184,122,9,5,3,134
745,596,783,90,67,13,5,3,140
746,540,773,53,32,7,5,3,146
746,1172,713,175,118,9,5,3,140
746,598,783,94,68,13,5,3,128
747,539,773,55,32,7,5,3,109
747,1148,717,169,111,9,5,3,89
747,611,784,89,67,13,5,3,79
748,541,773,54,32,7,5,3,68
748,1125,720,162,106,9,9,0,43
748,617,783,87,69,13,9,0,43
749,540,773,55,32,7,9,0,43
749,1100,721,158,105,9,9,0,43
749,622,783,83,69,13,9,0,43
750,540,773,57,32,7,9,0,43
750,1080,718,152,103,9,9,0,44
750,628,783,79,69,13,9,0,44
751,541,773,56,32,7,9,0,44
751,1061,723,146,98,9,9,0,44
751,632,781,79,73,13,9,0,45
752,541,773,56,32,7,9,0,45
752,1039,725,142,92,9,9,0,45
752,640,784,76,70,13,9,0,45
753,541,773,56,32,7,9,0,45
753,1024,725,137,92,9,9,0,46
753,647,782,89,73,13,9,0,46
754,541,773,56,32,7,9,0,47
754,1008,727,128,90,9,9,0,47
754,653,780,107,75,13,9,0,48
755,541,773,56,32,7,9,0,48
755,990,728,127,87,9,9,0,49
755,659,778,108,77,13,9,0,50
756,541,773,56,32,7,9,0,53
756,973,729,125,85,9,9,0,57
756,665,775,116,83,13,9,0,59
757,541,773,57,32,7,9,0,59
757,961,730,118,82,9,9,0,56
757,671,770,117,87,13,9,0,54
758,541,773,56,32,7,9,0,51
758,942,731,118,81,9,9,0,49
758,681,769,116,86,13,9,0,47
759,542,773,56,32,7,9,0,48
759,930,733,113,78,9,9,0,48
759,686,765,124,91,13,9,0,49
760,542,773,56,32,7,9,0,49
760,914,734,111,79,9,9,0,50
760,699,770,119,89,13,9,0,51
761,542,773,56,32,7,9,0,53
761,902,736,108,77,9,9,0,55
761,724,771,105,91,13,9,0,58
762,542,773,56,32,7,9,0,60
762,887,741,107,74,9,9,0,62
762,731,774,110,92,13,9,0,63
763,542,773,56,32,7,9,0,64
763,873,745,104,69,9,9,0,63
763,736,774,115,93,13,9,0,63
764,542,773,56,32,7,9,0,63
764,862,751,99,62,9,9,0,66
764,738,770,122,97,13,9,0,70
765,542,773,56,32,7,9,0,73
765,850,751,99,63,9,9,0,75
765,2277,681,282,243,10,9,0,74
765,741,771,133,99,13,9,0,72
766,541,772,54,32,7,9,0,70
766,846,752,88,59,9,9,0,68
766,2140,667,419,253,10,9,0,68
766,747,772,135,97,13,9,0,66
767,541,772,55,33,7,9,0,70
767,839,754,80,52,9,9,0,71
767,2024,680,534,245,10,9,0,75
767,758,776,136,96,13,9,0,80
768,541,773,54,32,7,9,0,93
768,1913,647,620,266,10,9,0,109
768,764,759,143,114,13,9,0,121
769,541,772,55,32,7,9,0,130
769,1833,655,545,243,10,9,0,133
769,776,758,141,117,13,9,0,131
770,541,772,55,32,7,9,0,121
770,1750,660,492,228,10,9,0,107
770,783,758,146,119,13,9,0,90
771,541,772,54,32,7,9,0,76
771,777,753,78,61,9,9,0,69
771,1686,667,436,207,10,9,0,68
771,794,767,147,112,13,9,0,73
772,541,772,54,32,7,9,0,80
772,764,755,83,63,9,9,0,91
772,1622,669,399,196,10,9,0,102
772,804,771,151,111,13,9,0,115
773,541,772,55,32,7,9,0,126
773,756,759,80,57,9,9,0,133
773,1565,670,368,187,10,9,0,133
773,808,767,157,123,13,9,0,130
774,541,773,55,32,7,9,0,124
774,747,759,81,59,9,9,0,109
774,1514,675,338,177,10,9,0,82
774,819,768,159,124,13,9,0,53
775,541,773,55,32,7,9,0,34
775,733,763,83,55,9,9,0,24
775,1468,681,310,166,10,9,0,19
775,826,769,164,126,13,9,0,13
776,541,773,58,32,7,9,0,12
776,728,763,77,55,9,9,0,9
776,1425,683,290,158,10,9,0,8
776,837,770,163,129,13,9,0,14
777,541,773,58,32,7,9,0,20
777,724,765,70,51,9,9,0,29
777,1384,684,272,153,10,9,0,39
777,845,770,170,134,13,9,0,44
778,541,773,57,32,7,9,0,73
778,723,764,59,50,9,9,0,96
778,1347,689,256,144,10,9,0,122
778,852,772,176,135,13,9,0,120
779,541,773,57,32,7,9,0,116
779,716,764,56,47,9,9,0,115
779,1312,692,241,138,10,9,0,114
779,860,773,183,138,13,9,0,113
780,541,773,59,32,7,9,0,104
780,712,766,53,44,9,9,0,92
780,1280,696,226,131,10,9,0,73
780,871,773,184,139,13,9,0,65
781,541,773,58,32,7,9,0,57
781,1248,697,215,127,10,9,0,63
781,880,771,185,147,13,9,0,70
782,541,773,59,32,7,9,0,82
782,1219,699,205,122,10,9,0,93
782,889,771,191,156,13,9,0,103
783,541,773,59,32,7,9,0,116
783,1190,704,195,116,10,9,0,127
783,896,772,198,162,13,9,0,133
784,541,773,57,32,7,9,0,133
784,658,777,42,43,9,9,0,127
784,1164,709,185,109,10,9,0,116
784,904,774,207,164,13,9,0,99
785,541,773,57,33,7,9,0,71
785,649,773,51,49,9,9,0,46
785,1139,714,178,104,10,9,0,25
785,911,776,214,171,13,9,0,16
786,540,773,56,32,7,9,0,10
786,641,773,54,50,9,9,0,6
786,1112,716,175,101,10,9,0,5
786,918,780,226,174,13,9,0,3
787,540,773,56,32,7,9,0,3
787,633,776,62,46,9,9,0,6
787,1092,719,165,96,10,9,0,8
787,927,777,234,186,13,9,0,9
788,541,774,55,32,7,9,0,6
788,626,778,63,43,9,9,0,4
788,1071,720,157,93,10,9,0,4
788,938,783,246,186,13,9,0,5
789,542,774,55,32,7,9,0,14
789,619,778,60,41,9,9,0,19
789,1049,718,153,93,10,9,0,19
789,949,780,255,201,13,9,0,13
790,542,774,53,33,7,9,0,12
790,613,780,61,42,9,9,0,14
790,1025,724,150,77,10,9,0,14
790,960,780,270,209,13,9,0,11
791,542,774,52,33,7,9,0,13
791,606,782,61,40,9,9,0,11
791,1011,724,139,87,10,9,0,12
791,971,783,280,217,13,9,0,7
792,542,773,55,34,7,9,0,6
792,602,782,57,40,9,9,0,4
792,985,726,141,84,10,9,0,4
792,987,783,294,229,13,9,0,7
793,542,774,54,34,7,9,0,9
793,595,784,56,39,9,9,0,9
793,969,728,137,83,10,9,0,7
793,1003,787,311,235,13,9,0,6
794,542,775,53,34,7,9,0,5
794,592,785,53,38,9,9,0,5
794,950,731,133,81,10,9,0,4
794,1014,786,332,246,13,9,0,4
795,582,785,56,39,9,9,0,2
795,933,732,129,82,10,9,0,4
795,1033,790,347,254,13,9,0,4
796,559,782,72,39,9,9,0,5
796,918,735,123,79,10,9,0,3
796,1049,790,371,266,13,9,0,2
797,546,778,79,42,9,9,0,1
797,901,739,118,75,10,9,0,2
797,1074,790,386,281,13,9,0,2
798,551,779,68,40,9,9,0,3
798,888,739,117,76,10,9,0,4
798,1097,785,415,303,13,9,0,7
799,544,777,69,43,9,9,0,7
799,871,744,117,71,10,9,0,9
799,1123,787,442,317,13,9,0,11
800,547,778,60,42,9,9,0,15
800,857,750,111,66,10,9,0,13
800,1139,796,478,327,13,9,0,10
801,543,775,59,45,9,9,0,11
801,844,751,110,67,10,9,0,10
801,1167,796,517,347,13,9,0,10
802,544,776,56,45,9,9,0,7
802,830,754,108,64,10,9,0,9
802,1198,798,556,365,13,9,0,8
803,544,778,52,42,9,9,0,7
803,817,755,106,62,10,9,0,4
803,1232,802,609,389,13,9,0,6
804,542,777,54,43,9,9,0,6
804,805,757,102,60,10,9,0,8
804,2342,730,217,222,11,9,0,6
804,1268,799,662,416,13,9,0,7
805,541,778,54,42,9,9,0,8
805,792,758,99,59,10,9,0,9
805,2194,661,364,273,11,9,0,10
805,1308,798,730,448,13,9,0,11
806,541,776,58,39,7,9,0,11
806,781,757,98,60,10,9,0,12
806,2068,676,490,278,11,9,0,14
806,1356,803,806,479,13,9,0,15
807,539,776,61,39,7,9,0,12
807,767,759,94,59,10,9,0,8
807,1961,652,597,285,11,9,0,7
807,1408,804,894,520,13,9,0,9
808,538,775,62,38,7,9,0,10
808,758,758,91,60,10,9,0,9
808,1863,657,596,250,11,9,0,6
808,1470,809,1001,558,13,9,0,5
809,539,775,61,37,7,9,0,4
809,748,762,91,55,10,9,0,4
809,1780,661,532,224,11,9,0,3
809,1536,812,1023,613,13,9,0,2
810,539,775,61,36,7,9,0,2
810,741,762,87,55,10,9,0,1
810,1708,670,472,209,11,9,0,1
810,1616,813,940,670,13,9,0,1
811,539,774,60,33,7,9,0,3
811,734,765,80,51,10,9,0,3
811,1641,670,428,217,11,9,0,3
811,1706,816,853,644,13,9,0,2
812,539,774,60,32,7,9,0,1
812,730,766,75,51,10,9,0,3
812,1582,674,390,206,11,9,0,4
812,1816,822,742,617,13,9,0,7
813,539,774,60,32,7,9,0,6
813,723,765,67,51,10,9,0,7
813,1527,677,359,194,11,9,0,7
813,1945,879,614,531,13,9,0,7
814,539,773,60,32,7,9,0,5
814,722,767,56,47,10,9,0,4
814,1477,682,332,182,11,9,0,2
814,2098,891,460,582,13,9,0,4
815,539,773,60,32,7,9,0,5
815,716,768,53,45,10,9,0,6
815,1432,685,305,172,11,9,0,5
816,541,773,56,31,7,9,0,3
816,690,770,71,45,10,9,0,3
816,1391,685,283,166,11,9,0,5
817,541,773,55,31,7,9,0,7
817,1351,692,266,154,11,9,0,9
818,541,773,56,32,7,9,0,10
818,1313,693,254,148,11,9,0,9
819,541,773,55,32,7,9,0,7
819,1281,697,237,142,11,9,0,5
820,541,773,55,32,7,9,0,3
820,652,777,48,45,10,9,0,3
820,1250,700,226,136,11,9,0,4
821,541,773,55,32,7,9,0,4
821,643,775,51,48,10,9,0,7
821,1217,702,217,131,11,9,0,6
822,541,774,55,32,7,9,0,6
822,636,777,58,46,10,9,0,4
822,1190,707,205,124,11,9,0,4
823,541,774,55,32,7,9,0,4
823,626,777,69,46,10,9,0,3
823,1165,713,194,117,11,9,0,8
824,541,774,55,32,7,9,0,14
824,620,778,68,42,10,9,0,20
824,1135,714,193,112,11,9,0,17
825,541,775,55,32,7,9,0,13
825,615,780,65,41,10,9,0,8
825,1114,719,180,106,11,9,0,11
826,541,775,53,33,7,9,0,12
826,611,781,63,40,10,9,0,15
826,1096,720,170,106,11,9,0,13
827,542,776,54,34,7,9,0,12
827,603,780,63,42,10,9,0,12
827,1071,720,163,102,11,9,0,12
828,541,774,55,34,7,9,0,10
828,601,780,59,40,10,9,0,5
828,1049,722,160,99,11,9,0,3
829,541,775,54,34,7,9,0,4
829,596,782,56,39,10,9,0,8
829,1027,726,155,94,11,9,0,11
830,542,776,54,35,7,9,0,14
830,591,783,54,37,10,9,0,14
830,1009,728,150,90,11,9,0,15
831,540,779,56,39,7,9,0,12
831,556,782,84,41,10,9,0,8
831,990,728,145,90,11,9,0,4
832,545,778,88,44,10,9,0,2
832,971,727,143,93,11,9,0,1
833,546,776,82,44,10,9,0,0
833,959,731,132,86,11,9,0,4
834,544,775,76,44,10,9,0,10
834,942,732,129,85,11,9,0,16
835,544,776,71,43,10,9,0,19
835,926,735,125,81,11,9,0,20
836,543,776,68,43,10,9,0,21
836,910,736,123,82,11,9,0,17
837,541,775,62,44,10,9,0,12
837,895,739,119,78,11,9,0,8
838,542,775,58,45,10,9,0,7
838,880,738,120,80,11,9,0,6
839,543,775,54,46,10,9,0,4
839,867,748,110,71,11,9,0,3
840,541,776,55,45,10,9,0,2
840,851,749,112,69,11,9,0,2
841,542,776,53,43,10,9,0,2
841,838,749,111,70,11,9,0,2
842,542,776,52,42,10,9,0,3
842,826,753,108,65,11,9,0,4
843,544,776,55,39,10,9,0,7
843,813,754,104,64,11,9,0,9
844,544,775,55,38,10,9,0,11
844,803,754,100,63,11,9,0,11
845,543,775,55,37,10,9,0,10
845,790,756,100,61,11,9,0,12
846,541,775,56,36,10,9,0,11
846,775,754,99,63,11,9,0,12
847,540,775,58,35,10,9,0,9
847,765,755,97,63,11,9,0,8
848,540,774,58,33,10,9,0,8
848,756,756,93,61,11,9,0,6
849,540,774,57,32,10,9,0,5
849,749,760,88,57,11,9,0,6
850,540,774,59,31,10,9,0,9
850,745,762,80,53,11,9,0,13
851,539,774,59,31,10,9,0,13
851,736,761,77,56,11,9,0,11
852,540,774,58,31,10,9,0,7
852,725,765,77,52,11,9,0,5
853,540,774,57,31,10,9,0,5
853,724,766,64,50,11,9,0,7
854,540,774,58,31,10,9,0,7
854,720,766,59,48,11,9,0,5
855,540,774,58,31,10,9,0,3
855,717,765,52,48,11,9,0,2
856,540,774,57,31,10,9,0,2
856,681,767,78,48,11,9,0,3
857,540,774,57,31,10,9,0,5
858,540,773,57,31,10,9,0,6
859,541,774,56,31,10,9,0,6
860,541,774,56,32,10,9,0,5
860,652,776,50,45,11,9,0,4
861,541,774,55,32,10,9,0,3
861,644,770,56,52,11,9,0,2
862,541,774,56,31,10,9,0,1
862,638,771,58,51,11,9,0,2
863,541,774,56,32,10,9,0,3
863,630,770,64,53,11,9,0,6
864,541,775,56,32,10,9,0,10
864,624,776,64,46,11,9,0,12
865,541,774,56,33,10,9,0,12
865,617,779,62,42,11,9,0,8
866,541,774,56,33,10,9,0,5
866,611,780,62,42,11,9,0,8
867,541,776,57,34,10,9,0,14
867,605,780,63,42,11,9,0,16
868,542,774,53,34,10,9,0,12
868,600,780,58,42,11,9,0,7
869,542,776,55,36,10,9,0,4
869,594,782,57,38,11,9,0,3
870,541,776,55,36,10,9,0,3
870,591,783,54,38,11,9,0,4
871,542,777,95,42,10,9,0,3
872,544,778,88,44,10,9,0,4
873,545,776,81,44,10,9,0,3
874,545,778,75,43,10,9,0,4
875,545,776,70,43,10,9,0,3
876,545,776,64,44,10,9,0,2
877,542,774,62,47,10,9,0,1
878,546,775,56,46,10,9,0,0
879,544,777,55,45,10,9,0,0
880,543,777,54,43,10,9,0,0
881,542,777,55,42,10,9,0,1
882,542,776,61,39,10,9,0,1
883,542,775,62,38,10,9,0,1
884,542,775,61,38,10,9,0,2
885,543,774,60,38,10,9,0,2
886,543,774,60,35,10,9,0,2
887,543,774,60,33,10,9,0,2
888,543,774,61,31,10,9,0,2
889,542,774,59,31,10,9,0,2
890,542,774,59,31,10,9,0,2
891,542,774,60,31,10,9,0,2
892,542,774,59,31,10,9,0,2
893,543,774,58,31,10,9,0,2
894,543,774,58,31,10,9,0,2
895,542,774,58,31,10,9,0,3
896,542,774,59,31,10,9,0,2
897,543,774,58,31,10,9,0,2
898,543,774,59,31,10,9,0,1
899,543,774,58,31,10,9,0,1
900,543,774,57,31,10,9,0,1
901,543,774,56,31,10,9,0,1
902,542,774,56,31,10,9,0,1
903,542,773,58,31,10,9,0,1
904,543,774,57,31,10,9,0,1
905,543,774,57,31,10,9,0,1
906,542,774,57,31,10,9,0,1
907,542,774,57,31,10,9,0,1
908,542,774,57,31,10,9,0,4
909,542,774,57,31,10,9,0,4
910,542,773,57,31,10,9,0,8
911,542,773,57,31,10,9,0,9
912,543,774,57,31,10,9,0,13
913,543,773,57,31,10,9,0,12
914,543,773,57,31,10,9,0,11
915,542,773,57,31,10,9,0,10
916,543,773,57,31,10,9,0,13
917,543,773,57,31,10,9,0,16
918,543,773,56,31,10,9,0,17
919,543,773,56,31,10,9,0,22
920,543,773,56,31,10,9,0,28
921,543,773,57,31,10,9,0,36
922,543,773,56,31,10,9,0,44
923,543,773,57,31,10,9,0,54
924,543,773,57,31,10,9,0,57
925,543,773,57,31,10,9,0,49
926,542,773,58,31,10,9,0,40
927,542,773,58,31,10,9,0,42
928,542,773,58,31,10,9,0,44
928,0,1332,115,146,14,9,0,42
929,542,773,58,31,10,9,0,34
929,1,1325,147,160,14,9,0,31
930,542,773,58,31,10,9,0,52
930,1,1311,186,184,14,9,0,52
931,542,773,58,31,10,9,0,52
931,1,1304,219,187,14,9,0,52
932,542,773,58,31,10,9,0,51
932,3,1292,252,190,14,9,0,48
933,542,773,58,31,10,9,0,46
933,1,1282,289,197,14,9,0,44
934,542,773,59,31,10,9,0,43
934,0,1270,320,213,14,9,0,43
935,541,773,57,32,10,9,0,42
935,1,1260,347,223,14,9,0,43
936,541,773,57,32,10,9,0,44
936,1,1251,380,230,14,9,0,45
937,541,773,57,32,10,9,0,45
937,0,1246,408,236,14,9,0,46
938,541,773,57,32,10,9,0,46
938,0,1240,416,243,14,9,0,46
939,541,773,57,32,10,9,0,46
939,0,1233,449,265,14,9,0,46
940,541,773,57,32,10,9,0,46
940,1,1214,499,277,14,9,0,47
941,541,773,57,32,10,9,0,47
941,1,1202,526,282,14,9,0,48
942,541,773,57,32,10,9,0,49
942,0,1217,425,262,14,9,0,50
943,541,773,57,32,10,9,0,50
943,9,1244,397,228,14,9,0,51
944,541,772,56,32,10,9,0,51
944,17,1248,400,217,14,9,0,51
945,541,772,56,32,10,9,0,51
945,40,1241,385,219,14,9,0,51
946,541,773,56,32,10,9,0,51
946,61,1189,589,261,14,9,0,50
947,542,772,56,32,10,9,0,50
947,79,1175,593,270,14,9,0,50
948,542,772,57,32,10,9,0,51
948,105,1172,589,272,14,9,0,51
949,542,772,56,32,10,9,0,54
949,121,1167,592,273,14,9,0,56
950,542,772,56,32,10,9,0,58
950,139,1162,591,273,14,9,0,60
951,542,772,56,32,10,9,0,62
951,155,1156,587,276,14,9,0,63
952,542,772,56,32,10,9,0,64
952,174,1148,589,278,14,9,0,63
953,542,772,57,32,10,9,0,64
953,189,1143,593,277,14,9,0,63
954,542,772,54,32,10,9,0,65
954,207,1140,593,275,14,9,0,67
955,542,772,54,32,10,9,0,71
955,224,1138,591,274,14,9,0,74
956,542,772,54,32,10,9,0,75
956,237,1135,593,275,14,9,0,73
957,543,772,54,32,10,9,0,69
957,252,1128,594,277,14,9,0,67
958,543,772,54,32,10,9,0,65
958,271,1121,591,279,14,9,0,64
959,543,772,54,32,10,9,0,63
959,287,1119,591,277,14,9,0,65
960,542,773,54,31,10,9,0,73
960,297,1117,592,272,14,9,0,79
961,541,773,54,31,10,9,0,84
961,307,1112,591,275,14,9,0,82
962,541,773,54,32,10,7,5,3
962,315,1109,597,271,14,7,5,2
963,541,773,54,31,10,7,5,2
963,324,1106,596,267,14,7,5,2
964,542,773,53,32,10,7,5,1
964,329,1104,598,267,14,7,5,1
965,542,773,53,32,10,7,5,1
965,333,1101,602,272,14,7,5,1
966,542,773,53,32,10,7,5,0
966,340,1098,603,277,14,7,5,0
967,542,773,53,32,10,7,5,1
967,342,1098,614,274,14,7,5,2
968,542,773,53,32,10,7,5,3
968,393,1094,575,276,14,7,5,4
969,542,772,53,32,10,7,5,4
969,422,1092,558,270,14,7,5,3
970,542,772,53,32,10,7,5,2
970,410,1087,585,278,14,7,5,1
971,542,772,53,32,10,7,5,0
971,418,1084,590,273,14,7,5,0
972,542,773,54,31,10,7,5,0
972,419,1078,605,275,14,7,5,0
973,542,773,54,31,10,7,5,0
973,437,1075,601,276,14,7,5,0
974,541,773,54,32,10,7,5,0
974,458,1073,600,276,14,7,5,1
975,541,773,54,32,10,7,5,3
975,480,1069,599,274,14,7,5,5
976,541,773,54,32,10,7,5,6
976,497,1063,608,276,14,7,5,7
977,541,773,55,32,10,7,5,8
977,522,1055,605,278,14,7,5,6
978,542,773,54,32,10,7,5,4
978,549,1050,604,275,14,7,5,3
979,541,773,54,32,10,7,5,5
979,573,1043,612,277,14,7,5,8
980,542,773,54,32,10,7,5,10
980,600,1036,610,278,14,7,5,11
981,542,773,54,32,10,7,5,12
981,627,1028,612,280,14,7,5,10
982,542,773,54,32,10,7,5,8
982,655,1021,619,280,14,7,5,5
983,542,773,54,31,10,7,5,5
983,686,1013,620,283,14,7,5,4
984,540,774,57,31,10,7,5,4
984,715,1007,627,281,14,7,5,3
985,540,774,56,31,10,7,5,3
985,750,1000,626,286,14,7,5,2
986,541,774,56,31,10,7,5,3
986,784,996,628,289,14,7,5,3
987,541,774,56,31,10,7,5,3
987,815,989,638,290,14,7,5,3
988,541,774,57,31,10,7,5,2
988,848,983,635,293,14,7,5,1
989,541,774,57,31,10,7,5,1
989,884,975,643,299,14,7,5,0
990,541,774,56,31,10,7,5,0
990,913,968,657,301,14,7,5,0
991,541,774,56,31,10,7,5,1
991,952,965,655,301,14,7,5,1
992,541,774,56,31,10,7,5,3
992,989,956,667,308,14,7,5,3
993,541,774,56,31,10,7,5,3
993,1026,956,672,307,14,7,5,2
994,542,773,52,31,10,7,5,2
994,1062,955,689,318,14,7,5,2
995,543,773,52,31,10,7,5,3
995,1092,952,712,332,14,7,5,2
996,543,773,52,31,10,7,5,4
996,1140,949,717,350,14,7,5,5
997,543,773,52,31,10,7,5,6
997,1181,949,732,366,14,7,5,5
998,543,773,52,31,10,7,5,3
998,1221,947,759,391,14,7,5,2
999,543,773,52,31,10,7,5,2
999,1263,953,786,406,14,7,5,3
1000,544,773,52,31,10,7,5,3
1000,1308,956,818,424,14,7,5,3
1001,544,773,52,31,10,7,5,2
1001,1354,956,858,450,14,7,5,2
1002,544,773,52,31,10,7,5,2
1002,1406,956,893,481,14,7,5,2
1003,544,773,51,31,10,7,5,2
1003,1453,961,964,506,14,7,5,2
1004,543,773,52,32,10,7,5,5
1004,1508,966,1024,540,14,7,5,5
1005,543,773,52,32,10,7,5,6
1005,1565,973,994,574,14,7,5,5
1006,543,773,52,32,10,7,5,10
1006,1637,982,922,611,14,7,5,15
1007,543,773,52,32,10,7,5,21
1007,1709,992,847,655,14,7,5,22
1008,542,773,55,31,10,7,5,18
1008,1789,999,767,616,14,7,5,13
1009,542,773,55,31,10,7,5,8
1009,1883,1004,673,607,14,7,5,6
1010,542,773,55,31,10,7,5,4
1010,1980,1019,576,588,14,7,5,4
1011,542,773,55,31,10,7,5,5
1011,2091,1045,468,562,14,7,5,10
1012,542,773,55,31,10,7,5,13
1012,2218,1092,341,557,14,7,5,15
1013,542,773,55,31,10,7,5,13
1014,543,773,53,31,10,7,5,13
1015,543,773,53,31,10,7,5,10
1016,543,773,53,31,10,7,5,14
1017,543,773,52,31,10,7,5,14
1018,543,773,52,31,10,7,5,23
1019,544,773,52,31,10,7,5,23
1020,542,773,55,31,10,7,5,26
1021,542,773,56,31,10,7,5,21
1022,542,773,54,31,10,7,5,18
1023,542,773,54,31,10,7,5,15
1024,542,773,55,31,10,7,5,11
1025,542,773,55,31,10,7,5,9
1026,542,773,55,31,10,7,5,5
1027,542,773,55,31,10,7,5,4
1028,542,774,55,31,10,7,5,4
1029,542,774,55,31,10,7,5,9
1030,542,774,56,31,10,7,5,11
1031,542,773,55,31,10,7,5,14
1032,541,773,57,32,10,7,5,12
1033,541,773,57,32,10,7,5,13
1034,541,773,56,31,10,7,5,11
1035,541,773,57,31,10,7,5,12
1036,542,773,56,31,10,7,5,10
1037,542,773,56,31,10,7,5,9
1038,542,773,56,31,10,7,5,5
1039,541,773,56,31,10,7,5,4
1040,542,773,56,31,10,7,5,2
1041,542,773,55,31,10,7,5,2
1042,542,773,55,31,10,7,5,2
1043,542,773,56,31,10,7,5,2
1044,541,774,59,31,10,7,5,4
1045,541,774,59,31,10,7,5,5
1046,541,774,59,31,10,7,5,7
1047,541,774,58,31,10,7,5,6
1048,541,774,58,31,10,7,5,5
1049,541,774,58,31,10,7,5,4
1050,541,774,58,31,10,7,5,3
1051,541,774,58,31,10,7,5,5
1052,541,774,58,31,10,7,5,7
1053,541,774,58,31,10,7,5,8
1054,541,774,58,31,10,7,5,6
1055,541,774,58,31,10,7,5,3
1056,541,773,55,31,10,7,5,2
1057,541,773,55,31,10,7,5,2
1058,541,773,55,31,10,7,5,2
1059,541,773,55,31,10,7,5,4
1060,541,773,55,31,10,7,5,4
1061,541,773,55,31,10,7,5,4
1062,541,773,54,31,10,7,5,4
1063,541,773,55,31,10,7,5,3
1064,542,773,55,31,10,7,5,3
1065,542,773,55,31,10,7,5,4
1066,541,773,55,31,10,7,5,7
1067,541,773,54,31,10,7,5,11
1068,541,773,55,31,10,7,5,14
1069,541,773,55,31,10,7,5,14
1070,541,773,56,31,10,7,5,13
1071,541,773,56,31,10,7,5,8
1072,541,773,57,31,10,7,5,6
1073,541,773,57,31,10,7,5,4
1074,541,773,57,31,10,7,5,3
1075,541,772,56,32,10,7,5,2
1076,541,772,57,32,10,7,5,5
1077,541,772,57,32,10,7,5,8
1078,541,772,57,32,10,7,5,8
1079,541,773,56,32,10,7,5,7
1080,541,772,54,32,10,7,5,4
1081,541,772,54,32,10,7,5,3
1082,541,773,54,31,10,7,5,2
1083,541,773,54,31,10,7,5,2
1084,541,773,54,31,10,7,5,2
1085,541,773,54,31,10,7,5,2
1086,541,772,53,32,10,7,5,2
1087,541,772,53,32,10,7,5,1
1088,2384,688,174,305,2,7,5,1
1088,541,772,53,32,10,7,5,4
1089,2263,634,296,341,2,7,5,7
1089,541,772,53,32,10,7,5,10
1090,2156,635,402,322,2,7,5,11
1090,541,772,53,32,10,7,5,11
1091,2064,550,494,392,2,7,5,12
1091,541,773,54,31,10,7,5,10
1092,1980,554,577,428,2,7,5,9
1092,542,773,52,31,10,7,5,8
1093,1905,579,654,387,2,7,5,11
1093,542,773,52,31,10,7,5,11
1094,1837,588,722,364,2,7,5,14
1094,542,773,51,31,10,7,5,13
1095,1776,596,689,341,2,7,5,16
1095,542,773,52,31,10,7,5,12
1096,1720,600,633,324,2,7,5,14
1096,542,773,52,31,10,7,5,10
1097,1670,607,583,305,2,7,5,11
1097,542,773,52,31,10,7,5,6
1098,1625,614,537,289,2,7,5,5
1098,542,773,51,31,10,7,5,2
1099,1581,614,500,279,2,7,5,5
1099,542,773,51,31,10,7,5,8
1100,1539,622,470,263,2,7,5,10
1100,542,773,51,31,10,7,5,10
1101,1502,627,437,249,2,7,5,9
1101,541,773,52,31,10,7,5,8
1102,1470,632,411,239,2,7,5,7
1102,542,773,53,31,10,7,5,8
1103,1436,637,388,228,2,7,5,14
1103,542,773,53,31,10,7,5,21
1104,1405,640,367,220,2,7,5,24
1104,542,773,53,31,10,7,5,28
1105,1375,642,350,212,2,7,5,29
1105,542,773,53,31,10,7,5,36
1106,1351,646,329,204,2,7,5,40
1106,542,773,53,31,10,7,5,44
1107,1324,649,314,199,2,7,5,58
1107,542,773,53,31,10,7,5,56
1108,1298,651,303,190,2,7,5,52
1108,542,773,53,31,10,7,5,32
1109,1276,659,288,177,2,7,5,40
1109,542,773,53,31,10,7,5,53
1110,1252,660,276,176,2,7,5,73
1110,542,773,53,31,10,7,5,77
1111,1226,658,273,174,2,7,5,70
1111,542,773,54,31,10,7,5,65
1112,1212,662,257,166,2,7,5,47
1112,542,773,54,31,10,7,5,39
1113,1191,661,251,167,2,7,5,21
1113,542,772,54,31,10,7,5,20
1114,1175,665,238,161,2,7,5,16
1114,542,772,54,31,10,7,5,14
1115,1157,667,230,157,2,7,5,7
1115,542,773,55,31,10,7,5,6
1116,1140,676,223,145,2,7,5,5
1116,542,773,56,31,10,7,5,7
1117,1121,676,216,146,2,7,5,5
1117,542,773,55,31,10,7,5,5
1118,1106,679,211,139,2,7,5,2
1118,542,773,55,31,10,7,5,4
1119,1090,679,205,137,2,7,5,5
1119,542,773,55,31,10,7,5,6
1120,1075,681,199,136,2,7,5,4
1120,542,773,55,31,10,7,5,5
1121,1059,683,197,133,2,7,5,5
1121,542,773,55,31,10,7,5,6
1122,1046,691,188,124,2,7,5,5
1122,542,773,55,31,10,7,5,4
1123,1031,688,185,125,2,7,5,3
1123,542,773,55,31,10,7,5,8
1124,1019,697,181,116,2,7,5,14
1124,542,773,55,31,10,7,5,22
1125,997,697,185,116,2,7,5,23
1125,542,773,55,31,10,7,5,23
1126,983,699,182,114,2,7,5,21
1126,542,773,55,31,10,7,5,16
1127,978,698,171,113,2,7,5,13
1127,542,773,54,31,10,7,5,9
1128,969,701,164,112,2,7,5,11
1128,543,773,54,31,10,7,5,11
1129,959,703,160,108,2,7,5,11
1129,543,773,55,31,10,7,5,14
1130,945,703,160,108,2,7,5,12
1130,543,773,55,31,10,7,5,11
1131,935,703,156,108,2,7,5,7
1131,543,773,55,31,10,7,5,7
1132,922,704,154,106,2,7,5,7
1132,543,773,55,31,10,7,5,8
1133,912,710,149,102,2,7,5,9
1133,543,773,55,31,10,7,5,10
1134,904,711,147,101,2,7,5,10
1134,543,773,55,31,10,7,5,8
1135,891,715,146,97,2,7,5,8
1135,543,773,55,31,10,7,5,7
1136,883,715,142,99,2,7,5,6
1136,543,773,55,31,10,7,5,6
1137,873,717,141,96,2,7,5,6
1137,543,773,55,31,10,7,5,7
1138,864,717,140,98,2,7,5,8
1138,543,773,55,31,10,7,5,8
1139,856,720,135,94,2,7,5,8
1139,543,773,55,31,10,7,5,7
1140,844,724,140,90,2,7,5,5
1140,543,773,54,31,10,7,5,3
1140,2356,764,203,214,20,7,5,2
1141,837,728,130,86,2,7,5,2
1141,542,773,54,31,10,7,5,1
1141,2240,706,320,256,20,7,5,1
1142,830,729,124,86,2,7,5,2
1142,541,773,55,31,10,7,5,3
1142,2132,675,427,282,20,7,5,4
1143,822,731,123,84,2,7,5,4
1143,541,773,55,31,10,7,5,4
1143,2040,669,517,308,20,7,5,3
1144,811,731,125,84,2,7,5,2
1144,541,773,55,31,10,7,5,2
1144,1959,673,600,288,20,7,5,3
1145,805,733,120,84,2,7,5,5
1145,541,773,55,31,10,7,5,5
1145,1881,677,632,272,20,7,5,4
1146,795,733,118,83,2,7,5,2
1146,541,773,55,31,10,7,5,1
1146,1811,677,578,259,20,7,5,1
1147,785,737,120,78,2,7,5,1
1147,541,773,55,31,10,7,5,1
1147,1748,681,535,245,20,7,5,1
1148,777,738,116,77,2,7,5,1
1148,541,773,55,31,10,7,5,2
1148,1693,683,494,234,20,7,5,2
1149,770,739,115,76,2,7,5,2
1149,541,773,55,31,10,7,5,1
1149,1642,688,462,221,20,7,5,1
1150,764,742,113,73,2,7,5,1
1150,541,773,54,31,10,7,5,1
1150,1597,690,425,211,20,7,5,1
1151,759,743,109,74,2,7,5,1
1151,540,773,56,31,10,7,5,2
1151,1557,691,397,202,20,7,5,2
1152,750,743,107,74,2,7,5,2
1152,541,773,57,31,10,7,5,2
1152,1514,691,375,199,20,7,5,3
1153,745,742,104,75,2,7,5,3
1153,540,773,57,31,10,7,5,2
1153,1480,693,351,190,20,7,5,1
1154,735,744,107,72,2,7,5,1
1154,540,773,57,31,10,7,5,1
1154,1447,696,333,183,20,7,5,3
1155,726,748,106,68,2,7,5,4
1155,540,773,57,31,10,7,5,4
1155,1416,698,315,176,20,7,5,3
1156,725,750,101,65,2,7,5,2
1156,541,773,57,31,10,7,5,1
1156,1386,704,295,164,20,7,5,1
1157,722,752,95,63,2,7,5,1
1157,540,773,57,31,10,7,5,1
1157,1362,705,278,159,20,7,5,1
1158,720,750,90,65,2,7,5,1
1158,541,773,57,31,10,7,5,0
1158,1337,709,266,151,20,7,5,0
1159,718,752,83,63,2,7,5,1
1159,540,773,57,31,10,7,5,1
1159,1316,707,255,152,20,7,5,1
1160,717,755,79,58,2,7,5,0
1160,541,773,57,31,10,7,5,0
1160,1294,709,244,145,20,7,5,0
1161,715,756,74,57,2,7,5,1
1161,541,773,57,31,10,7,5,3
1161,1273,711,236,140,20,7,5,3
1162,714,755,67,56,2,7,5,5
1162,541,773,57,31,10,7,5,5
1162,1259,710,223,138,20,7,5,6
1163,706,753,67,57,2,7,5,5
1163,541,773,56,31,10,7,5,4
1163,1246,712,211,133,20,7,5,5
1164,709,756,58,55,2,7,5,6
1164,541,773,57,31,10,7,5,8
1164,1233,711,201,130,20,7,5,8
1165,677,756,86,57,2,7,5,9
1165,541,773,58,31,10,7,5,10
1165,1222,710,191,127,20,7,5,9
1166,667,758,89,58,2,7,5,7
1166,541,773,58,31,10,7,5,8
1166,1215,711,178,124,20,7,5,11
1167,541,773,57,31,10,7,5,15
1167,1208,710,170,121,20,7,5,16
1168,541,773,57,32,10,7,5,15
1168,1203,708,162,114,20,7,5,14
1169,541,773,56,32,10,7,5,10
1169,1199,705,155,116,20,7,5,8
1170,541,773,56,32,10,7,5,5
1170,1199,701,145,112,20,7,5,4
1171,644,765,56,57,2,7,5,3
1171,541,773,56,32,10,7,5,3
1171,1202,700,134,111,20,7,5,2
1172,638,762,62,60,2,7,5,1
1172,541,773,56,32,10,7,5,1
1172,1208,697,126,109,20,7,5,1
1173,633,763,66,58,2,7,5,1
1173,541,773,57,32,10,7,5,3
1173,1206,692,121,108,20,7,5,4
1174,630,765,69,56,2,7,5,5
1174,541,774,57,32,10,7,5,4
1174,1210,684,118,111,20,7,5,4
1175,625,764,74,57,2,7,5,3
1175,541,774,58,32,10,7,5,2
1175,1213,680,118,107,20,7,5,2
1176,619,765,77,56,2,7,5,2
1176,542,775,57,31,10,7,5,2
1176,1217,674,120,107,20,7,5,3
1177,614,766,79,56,2,7,5,3
1177,543,775,55,32,10,7,5,4
1177,1221,670,123,108,20,7,5,3
1178,608,766,82,54,2,7,5,3
1178,542,774,55,34,10,7,5,1
1178,1222,666,131,104,20,7,5,1
1179,602,765,81,54,2,7,5,2
1179,542,774,55,36,10,7,5,2
1179,1228,658,132,105,20,7,5,2
1180,598,766,79,54,2,7,5,1
1180,542,774,55,37,10,7,5,1
1180,1237,653,134,98,20,7,5,2
1181,593,767,81,55,2,7,5,3
1181,538,774,57,35,10,7,5,3
1181,1248,646,135,99,20,7,5,4
1182,591,768,79,55,2,7,5,5
1182,539,774,54,35,10,7,5,4
1182,1258,642,134,94,20,7,5,3
1183,590,769,74,53,2,7,5,2
1183,540,775,54,36,10,7,5,2
1183,1268,635,137,93,20,7,5,2
1184,590,770,69,51,2,7,5,1
1184,541,776,56,37,10,7,5,1
1184,1280,629,126,89,20,7,5,1
1185,587,772,66,48,2,7,5,0
1185,542,776,51,37,10,7,5,1
1185,1291,626,115,87,20,7,5,0
1186,580,773,68,48,2,7,5,2
1186,541,776,48,37,10,7,5,4
1186,1304,619,104,86,20,7,5,5
1187,576,774,69,46,2,7,5,5
1187,1316,612,143,89,20,7,5,3
1188,554,776,89,42,2,7,5,2
1188,1334,607,137,81,20,7,5,3
1189,553,775,85,44,2,7,5,4
1189,1350,597,139,81,20,7,5,6
1190,556,776,77,43,2,7,5,7
1190,1364,591,138,80,20,7,5,7
1191,551,775,77,45,2,7,5,6
1191,1379,581,138,82,20,7,5,5
1192,554,776,69,43,2,7,5,3
1192,1403,573,125,83,20,7,5,2
1193,551,776,68,43,2,7,5,2
1193,1407,568,140,80,20,7,5,2
1194,550,777,66,41,2,7,5,2
1194,1424,561,132,77,20,7,5,2
1195,543,775,68,42,2,7,5,1
1195,1436,556,133,75,20,7,5,1
1196,546,777,62,42,2,7,5,1
1196,1455,548,124,78,20,7,5,1
1197,540,775,64,45,2,7,5,0
1197,1469,536,127,82,20,7,5,0
1198,542,774,59,46,2,7,5,0
1198,1482,527,131,85,20,7,5,0
1199,541,774,59,44,2,7,5,2
1199,1495,526,118,78,20,7,5,4
1200,544,773,56,46,2,7,5,6
1201,540,775,55,44,2,7,5,5
1202,544,775,53,40,2,7,5,5
1203,542,775,56,40,2,7,5,5
1203,1538,500,137,74,20,7,5,5
1204,544,776,52,38,2,7,5,4
1204,1542,498,144,69,20,7,5,2
1205,544,776,49,38,2,7,5,1
1205,1546,493,151,71,20,7,5,1
1206,541,776,54,38,2,7,5,1
1206,1583,487,125,68,20,7,5,1
1207,541,776,55,36,2,7,5,1
1207,1593,478,116,70,20,7,5,2
1208,541,775,56,36,2,7,5,2
1208,1614,474,123,67,20,7,5,3
1209,541,775,55,35,2,7,5,2
1209,1622,471,119,66,20,7,5,4
1210,540,774,56,35,2,7,5,8
1210,2470,744,89,238,21,7,5,14
1211,542,774,53,33,2,7,5,14
1211,2348,712,210,258,21,7,5,11
1212,542,773,55,33,2,7,5,9
1212,2245,651,315,307,21,7,5,11
1213,540,773,54,32,2,7,5,13
1213,2149,628,409,319,21,7,5,13
1214,540,773,54,32,2,7,5,11
1214,2064,646,493,328,21,7,5,7
1215,540,773,55,32,2,7,5,8
1215,1984,610,574,351,21,7,5,7
1216,540,773,55,31,2,7,5,7
1216,1905,618,641,334,21,7,5,3
1217,540,773,55,31,2,7,5,2
1217,1850,620,579,317,21,7,5,2
1218,540,773,54,31,2,7,5,2
1218,1783,632,547,294,21,7,5,1
1219,541,773,54,31,2,7,5,1
1219,1733,636,495,280,21,7,5,0
1220,541,773,54,31,2,7,5,3
1220,1680,642,465,266,21,7,5,6
1221,541,773,54,32,2,7,5,10
1221,1634,647,431,252,21,7,5,12
1222,541,773,55,32,2,7,5,13
1222,1590,650,406,243,21,7,5,13
1223,1546,648,381,239,21,7,5,11
1224,1508,654,358,226,21,7,5,8
1225,1470,659,339,216,21,7,5,4
1226,543,774,54,32,2,7,5,6
1226,1436,663,318,206,21,7,5,9
1227,1405,668,301,196,21,7,5,14
1228,1370,672,290,188,21,7,5,12
1229,1345,675,271,180,21,7,5,10
1230,1318,675,261,177,21,7,5,6
1231,1291,681,250,167,21,7,5,8
1232,1266,684,240,162,21,7,5,10
1233,1241,685,231,157,21,7,5,11
1234,1219,688,223,152,21,7,5,11
1235,552,789,84,65,4,7,5,10
1235,1196,687,214,150,21,7,5,13
1236,560,794,82,59,4,7,5,13
1236,1177,690,205,147,21,7,5,14
1237,561,793,86,59,4,7,5,11
1237,1156,694,199,140,21,7,5,8
1238,543,774,55,34,2,7,5,7
1238,572,796,82,58,4,7,5,7
1238,1138,695,194,139,21,7,5,9
1239,543,775,55,34,2,7,5,9
1239,577,795,85,59,4,7,5,13
1239,1117,698,186,134,21,7,5,11
1240,542,776,56,34,2,7,5,11
1240,581,796,87,60,4,7,5,8
1240,1100,699,180,131,21,7,5,8
1241,542,775,55,34,2,7,5,9
1241,583,795,90,61,4,7,5,12
1241,1082,703,176,126,21,7,5,12
1242,542,775,54,33,2,7,5,10
1242,585,795,94,62,4,7,5,7
1242,1065,708,169,120,21,7,5,6
1243,541,774,56,32,2,7,5,6
1243,597,792,88,65,4,7,5,6
1243,1049,711,163,114,21,7,5,7
1244,542,773,54,32,2,7,5,6
1244,601,791,90,67,4,7,5,4
1244,1033,711,162,114,21,7,5,2
1245,541,773,53,32,2,7,5,2
1245,608,793,87,65,4,7,5,1
1245,1020,713,153,110,21,7,5,1
1246,542,774,54,31,2,7,5,2
1246,615,792,94,67,4,7,5,4
1246,1003,712,151,110,21,7,5,6
1247,542,774,53,31,2,7,5,6
1247,619,792,91,67,4,7,5,5
1247,984,716,153,106,21,7,5,4
1248,541,774,55,31,2,7,5,2
1248,625,793,86,68,4,7,5,1
1248,974,713,145,107,21,7,5,2
1249,541,773,55,32,2,7,5,2
1249,631,793,85,69,4,7,5,5
1249,961,716,140,103,21,7,5,7
1250,541,773,54,32,2,7,5,9
1250,636,792,85,71,4,7,5,9
1250,949,719,136,101,21,7,5,7
1251,541,773,54,32,2,7,5,5
1251,640,793,80,70,4,7,5,2
1251,937,721,132,98,21,7,5,1
1252,541,773,54,32,2,7,5,0
1252,648,795,74,69,4,7,5,1
1252,925,722,127,98,21,7,5,1
1253,542,773,54,32,2,7,5,2
1253,655,797,82,67,4,7,5,2
1253,910,726,128,93,21,7,5,4
1254,542,773,55,32,2,7,5,6
1254,661,799,106,66,4,7,5,6
1254,899,726,121,92,21,7,5,5
1255,542,773,54,32,2,7,5,3
1255,668,792,109,74,4,7,5,2
1255,887,729,124,91,21,7,5,1
1256,542,773,54,31,2,7,5,1
1256,675,789,109,78,4,7,5,4
1256,874,732,120,86,21,7,5,6
1257,542,773,54,31,2,7,5,12
1257,680,787,113,83,4,7,5,16
1257,863,733,119,86,21,7,5,18
1258,542,773,54,31,2,7,5,14
1258,688,791,117,78,4,7,5,11
1258,853,735,114,83,21,7,5,11
1259,542,773,53,31,2,7,5,11
1259,701,788,114,82,4,7,5,11
1259,840,734,112,85,21,7,5,9
1260,542,773,54,32,2,7,5,9
1260,720,788,104,83,4,7,5,6
1260,831,740,110,78,21,7,5,5
1261,542,773,54,32,2,7,5,3
1261,730,788,107,85,4,7,5,7
1261,819,741,110,77,21,7,5,10
1262,542,773,54,31,2,7,5,15
1262,735,783,112,93,4,7,5,13
1262,813,746,102,69,21,7,5,11
1263,542,773,54,32,2,7,5,7
1263,738,780,120,99,4,7,5,7
1263,810,750,93,62,21,7,5,7
1264,542,773,54,32,2,7,5,7
1264,736,781,132,101,4,7,5,5
1264,809,749,82,62,21,7,5,4
1265,542,773,55,32,2,7,5,3
1265,745,786,131,100,4,7,5,3
1265,789,748,90,57,21,7,5,3
1266,542,773,55,32,2,7,5,3
1266,760,788,130,99,4,7,5,3
1267,542,773,55,32,2,7,5,2
1267,772,789,132,101,4,7,5,2
1267,761,750,91,64,21,7,5,2
1268,542,773,55,32,2,7,5,2
1268,777,785,139,106,4,7,5,2
1268,749,749,96,71,21,7,5,2
1269,542,773,54,32,2,7,5,2
1269,784,782,144,113,4,7,5,1
1269,743,754,86,66,21,7,5,0
1270,542,773,54,32,2,7,5,1
1270,792,783,152,114,4,7,5,3
1270,734,759,87,61,21,7,5,4
1271,542,773,55,32,2,7,5,4
1271,805,784,154,116,4,7,5,4
1271,731,757,81,64,21,7,5,6
1272,542,773,54,31,2,7,5,6
1272,816,783,159,120,4,7,5,5
1272,726,756,77,63,21,7,5,3
1273,542,774,55,31,2,7,5,7
1273,826,782,161,127,4,7,5,13
1273,721,758,73,59,21,7,5,20
1274,542,773,55,31,2,7,5,23
1274,835,782,169,128,4,7,5,24
1274,722,761,62,55,21,7,5,25
1275,542,773,54,31,2,7,5,21
1275,849,784,172,133,4,7,5,15
1275,715,760,62,56,21,7,5,8
1276,542,773,54,31,2,7,5,6
1276,857,784,184,136,4,7,5,3
1276,718,761,48,55,21,7,5,2
1277,542,773,54,31,2,7,5,1
1277,872,785,184,139,4,7,5,1
1277,691,764,68,52,21,7,5,1
1278,542,773,55,31,2,7,5,0
1278,885,785,186,141,4,7,5,0
1278,674,765,77,55,21,7,5,0
1279,542,773,54,31,2,7,5,0
1279,897,782,193,151,4,7,5,1
1280,542,773,54,32,2,7,5,2
1280,910,783,202,156,4,7,5,2
1281,542,774,53,31,2,7,5,1
1281,923,781,211,166,4,7,5,1
1282,542,774,53,32,2,7,5,2
1282,935,781,220,172,4,7,5,3
1283,542,774,53,32,2,7,5,5
1283,953,784,228,179,4,7,5,5
1283,640,765,59,60,21,7,5,6
1284,542,773,53,32,2,7,5,6
1284,967,786,240,183,4,7,5,5
1284,634,765,61,61,21,7,5,3
1285,542,774,52,31,2,7,5,2
1285,984,785,250,194,4,7,5,1
1285,625,766,69,61,21,7,5,1
1286,543,774,51,31,2,7,5,1
1286,1000,786,266,206,4,7,5,1
1286,622,773,69,53,21,7,5,1
1287,543,774,52,32,2,7,5,0
1287,1021,790,277,213,4,7,5,0
1287,617,774,66,52,21,7,5,0
1288,543,773,51,34,2,7,5,1
1288,1040,788,295,227,4,7,5,1
1288,612,772,64,52,21,7,5,1
1289,543,774,51,34,2,7,5,0
1289,1065,793,311,238,4,7,5,0
1289,606,776,65,50,21,7,5,0
1290,543,774,54,36,2,7,5,0
1290,1093,797,323,246,4,7,5,0
1290,600,777,65,48,21,7,5,0
1291,541,774,54,34,2,7,5,0
1291,1111,798,355,266,4,7,5,0
1291,595,777,64,48,21,7,5,2
1292,1139,800,381,285,4,7,5,4
1292,589,780,64,45,21,7,5,7
1293,1170,805,415,301,4,7,5,7
1293,554,778,93,45,21,7,5,8
1294,1206,807,453,324,4,7,5,8
1294,555,779,87,46,21,7,5,7
1295,1245,810,494,349,4,7,5,5
1295,543,776,92,46,21,7,5,4
1296,1288,814,546,378,4,7,5,5
1296,545,775,87,47,21,7,5,7
1297,1335,816,611,414,4,7,5,7
1297,546,775,80,46,21,7,5,8
1298,1395,821,690,454,4,7,5,6
1298,546,775,73,46,21,7,5,5
1299,1459,829,789,501,4,7,5,5
1299,545,776,71,44,21,7,5,8
1300,1532,839,912,556,4,7,5,12
1300,545,776,67,45,21,7,5,14
1301,1625,846,932,629,4,7,5,13
1301,540,774,65,47,21,7,5,10
1302,1739,856,817,723,4,7,5,6
1302,541,773,60,49,21,7,5,6
1303,1872,867,685,680,4,7,5,6
1303,540,774,61,48,21,7,5,10
1304,2041,881,515,661,4,7,5,12
1304,540,775,56,47,21,7,5,13
1305,2254,909,304,685,4,7,5,12
1305,542,775,52,47,21,7,5,8
1306,540,774,53,47,21,7,5,6
1307,542,774,47,47,21,7,5,5
1308,542,774,52,42,2,7,5,7
1309,542,773,52,43,2,7,5,7
1310,541,773,54,41,2,7,5,8
1311,543,772,53,40,2,7,5,8
1312,542,773,53,39,2,7,5,10
1313,541,773,55,38,2,7,5,8
1314,541,772,57,34,2,7,5,6
1315,540,773,58,33,2,7,5,4
1316,539,773,58,32,2,7,5,2
1317,539,773,58,32,2,7,5,1
1318,539,773,58,32,2,7,5,0
1319,539,773,58,32,2,7,5,0
1320,541,773,56,32,2,7,5,0
1321,541,773,56,32,2,7,5,0
1322,541,773,56,32,2,7,5,0
1323,541,773,56,32,2,7,5,0
1324,541,773,56,32,2,7,5,0
1325,541,773,57,32,2,7,5,0
1326,541,773,57,32,2,7,5,0
1327,541,773,57,32,2,7,5,0
1328,541,773,58,32,2,7,5,0
1329,541,773,58,32,2,7,5,1
1330,541,773,58,32,2,7,5,1
1331,541,773,58,32,2,7,5,2
1332,541,773,58,32,2,7,5,3
1333,541,773,57,32,2,7,5,6
1334,541,773,57,32,2,7,5,12
1335,541,773,57,32,2,7,5,18
1336,541,773,57,32,2,7,5,29
1337,541,773,57,32,2,7,5,40
1338,541,773,57,32,2,7,5,53
1339,541,773,57,32,2,7,5,50
1340,541,773,57,32,2,7,5,48
1341,541,773,57,32,2,7,5,41
1342,541,773,57,32,2,7,5,58
1343,541,773,57,32,2,7,5,73
1344,541,773,56,32,2,7,5,93
1345,541,773,55,32,2,7,5,100
1346,541,773,55,32,2,7,5,105
1347,541,773,55,32,2,7,5,108
1348,541,773,55,32,2,7,5,109
1349,541,773,55,32,2,7,5,110
1350,541,773,55,32,2,7,5,124
1351,541,773,56,32,2,7,5,128
1352,541,772,56,32,2,7,5,121
1353,541,773,58,31,2,7,5,99
1354,541,773,58,31,2,7,5,84
1355,541,773,58,31,2,7,5,79
1356,542,773,54,31,2,7,5,75
1357,542,773,54,31,2,7,5,75
1358,542,773,54,31,2,7,5,76
1359,542,773,54,31,2,7,5,76
1360,542,773,54,31,2,7,5,75
1361,542,773,54,31,2,7,5,71
1362,542,773,54,31,2,7,5,66
1363,542,773,54,31,2,7,5,60
1364,542,773,54,31,2,7,5,54
1365,542,773,54,31,2,7,5,50
1366,542,773,54,31,2,7,5,49
1367,542,773,54,31,2,7,5,49
1368,543,773,53,31,2,7,5,51
1369,543,773,53,31,2,7,5,56
1370,542,773,53,31,2,7,5,58
1371,542,773,54,31,2,7,5,59
1372,542,773,53,31,2,7,5,56
1373,542,773,53,31,2,7,5,54
1374,542,773,53,31,2,7,5,54
1375,542,773,53,31,2,7,5,55
1376,542,773,53,31,2,7,5,58
1377,542,773,53,31,2,7,5,59
1378,542,773,53,31,2,7,5,60
1379,542,773,53,31,2,7,5,58
1380,542,773,54,31,2,7,5,54
1381,542,773,54,31,2,7,5,48
1382,542,773,54,31,2,7,5,44
1383,542,773,54,31,2,7,5,41
1384,542,773,54,31,2,7,5,40
1385,542,773,54,31,2,7,5,41
1386,542,773,54,31,2,7,5,42
1387,542,773,54,31,2,7,5,44
1388,543,773,54,31,2,7,5,44
1389,542,773,54,31,2,7,5,44
1390,542,773,54,31,2,7,5,44
1391,543,773,54,31,2,7,5,43
1392,543,773,54,31,2,7,5,42
1393,543,773,54,31,2,7,5,39
1394,543,773,54,31,2,7,5,37
1395,543,773,54,31,2,7,5,36
1396,543,773,54,31,2,7,5,35
1397,543,773,54,31,2,7,5,35
1398,543,773,54,31,2,7,5,35
1399,543,773,54,31,2,7,5,35
1400,543,773,54,31,2,7,5,36
1401,543,773,54,31,2,7,5,36
1402,543,773,54,31,2,7,5,35
1403,540,772,56,32,2,7,5,35
1404,539,773,54,32,2,7,5,34
1405,539,773,54,32,2,7,5,34
1406,539,773,54,32,2,7,5,34
1407,539,773,54,32,2,7,5,34
1408,539,773,54,33,2,7,5,33
1409,539,773,54,32,2,7,5,33
1410,539,773,54,32,2,7,5,32
1411,539,773,54,32,2,7,5,32
1412,539,773,53,32,2,7,5,31
1413,539,773,53,32,2,7,5,31
1414,539,773,53,32,2,7,5,31
1415,539,773,53,32,2,7,5,30
1416,540,773,54,32,2,7,5,30
1417,540,773,53,32,2,7,5,30
1418,540,773,54,32,2,7,5,30
1419,540,773,54,32,2,7,5,30
1420,539,773,54,32,2,7,5,29
1421,540,773,54,32,2,7,5,29
1422,540,773,54,32,2,7,5,29
1423,540,773,53,32,2,7,5,29
1424,540,773,53,32,2,7,5,29
1425,540,773,53,32,2,7,5,29
1426,540,773,53,32,2,7,5,29
1427,540,773,54,32,2,7,5,29
1428,539,773,54,32,2,7,5,29
1429,539,773,54,32,2,7,5,29
1430,539,773,54,32,2,3,0,2
1431,539,773,54,32,2,3,0,2
1432,539,773,54,32,2,3,0,2
1433,541,773,56,31,2,3,0,2
1434,541,773,56,31,2,3,0,2
1435,541,773,55,32,2,3,0,2
1436,541,773,56,32,2,3,0,2
1437,541,773,56,32,2,3,0,2
1438,541,773,55,31,2,3,0,2
1439,541,773,55,31,2,3,0,2
1440,542,773,54,31,2,3,0,2
1441,542,773,54,31,2,3,0,2
1442,542,773,54,31,2,3,0,2
1443,542,773,54,31,2,3,0,2
1444,542,773,54,31,2,3,0,2
1445,542,773,54,31,2,3,0,2
1446,542,773,54,31,2,3,0,2
1447,542,773,54,31,2,3,0,5
1448,542,773,54,31,2,3,0,8
1449,542,773,54,31,2,3,0,12
1450,542,773,54,31,2,3,0,12
1451,542,773,54,31,2,3,0,13
1452,542,773,54,31,2,3,0,11
1453,542,773,54,31,2,3,0,10
1454,542,773,54,31,2,3,0,7
1455,542,773,54,31,2,3,0,6
1456,542,773,54,31,2,3,0,5
1457,542,773,54,31,2,3,0,5
1458,542,773,54,31,2,3,0,5
1459,542,773,54,31,2,3,0,5
1460,542,773,55,31,2,3,0,4
1461,541,773,55,31,2,3,0,4
1461,2418,844,141,242,22,3,0,4
1462,541,773,55,31,2,3,0,4
1462,2258,807,301,277,22,3,0,3
1463,540,773,58,31,2,3,0,3
1463,2111,737,447,337,22,3,0,3
1464,540,773,60,31,2,3,0,3
1464,1977,738,581,334,22,3,0,3
1465,540,773,60,31,2,3,0,3
1465,1855,739,705,348,22,3,0,4
1466,540,773,60,31,2,3,0,4
1466,1741,753,804,328,22,3,0,4
1467,540,773,60,31,2,3,0,4
1467,1636,769,749,312,22,3,0,4
1468,540,773,60,31,2,3,0,4
1468,1535,784,701,301,22,3,0,4
1469,540,773,60,31,2,3,0,4
1469,1437,799,664,294,22,3,0,4
1470,540,773,60,31,2,3,0,5
1470,1341,814,642,283,22,3,0,5
1471,541,773,57,31,2,3,0,6
1471,1091,866,558,278,22,3,0,6
1472,541,773,57,31,2,3,0,7
1472,1014,886,539,271,22,3,0,7
1473,541,773,57,31,2,3,0,7
1473,930,905,527,269,22,3,0,8
1474,541,773,56,31,2,3,0,8
1474,851,925,514,263,22,3,0,9
1475,541,773,56,31,2,3,0,9
1475,775,947,503,258,22,3,0,10
1476,541,772,55,32,2,3,0,10
1476,697,969,496,250,22,3,0,10
1477,540,772,55,32,2,3,0,10
1477,622,989,483,248,22,3,0,10
1478,541,772,55,32,2,3,0,11
1478,547,1008,476,250,22,3,0,12
1479,541,772,55,32,2,3,0,13
1479,468,1031,475,246,22,3,0,13
1480,541,772,55,32,2,3,0,14
1480,421,1038,440,249,22,3,0,15
1481,540,773,55,32,2,3,0,16
1481,294,1071,485,236,22,3,0,16
1482,540,773,55,32,2,3,0,16
1482,227,1092,473,235,22,3,0,16
1483,540,773,54,32,2,3,0,16
1483,160,1114,463,235,22,3,0,16
1484,539,773,54,32,2,3,0,15
1484,84,1128,459,239,22,3,0,15
1485,540,773,54,32,2,3,0,15
1485,15,1177,377,205,22,3,0,14
1486,538,773,54,32,2,3,0,13
1486,0,1173,374,217,22,3,0,12
1487,538,773,54,32,2,3,0,12
1487,1,1193,312,192,22,3,0,12
1488,542,773,55,31,2,9,1,23
1488,1,1210,235,172,22,9,1,39
1489,542,773,55,31,2,9,1,40
1489,1,1231,154,160,22,9,1,57
1490,542,773,55,31,2,9,1,46
1490,0,1232,79,143,22,9,1,45
1491,542,773,55,31,2,9,1,26
1492,542,773,54,31,2,9,1,22
1493,542,773,54,31,2,9,1,15
1494,542,773,54,31,2,9,1,18
1495,542,773,54,31,2,9,1,14
1496,542,773,54,31,2,9,1,15
1497,542,773,54,31,2,9,1,8
1498,542,773,54,31,2,9,1,7
1499,542,773,54,31,2,9,1,5
1500,542,773,56,31,2,9,1,9
1501,542,773,56,31,2,9,1,8
1502,542,773,56,31,2,9,1,8
1503,542,773,56,31,2,9,1,4
1504,542,773,56,31,2,9,1,9
1505,542,773,56,31,2,9,1,15
1506,542,773,56,31,2,9,1,22
1507,542,773,56,31,2,9,1,22
1508,542,773,56,31,2,9,1,22
1509,542,773,56,31,2,9,1,20
1510,542,773,56,31,2,9,1,16
1511,542,773,56,31,2,9,1,11
1512,541,773,55,31,2,9,1,6
1513,541,773,55,32,2,9,1,4
1514,541,773,55,32,2,9,1,2
1515,541,773,55,32,2,9,1,2
1516,541,773,56,32,2,9,1,3
1517,541,773,56,32,2,9,1,3
1518,541,773,56,32,2,9,1,3
1519,541,773,56,32,2,9,1,3
1520,541,773,55,32,2,9,1,7
1521,542,773,54,31,2,9,1,11
1522,542,773,54,31,2,9,1,16
1523,542,773,54,31,2,9,1,15
1524,541,773,56,31,2,9,1,13
1525,541,773,56,31,2,9,1,10
1526,541,773,56,31,2,9,1,9
1527,541,773,56,31,2,9,1,8
1528,541,773,56,31,2,9,1,6
1529,541,773,56,31,2,9,1,6
1530,541,773,56,31,2,9,1,6
1531,541,773,56,31,2,9,1,9
1532,541,773,56,31,2,9,1,8
1533,541,773,56,31,2,9,1,7
1534,541,773,56,32,2,9,1,3
1535,541,773,56,31,2,9,1,2
1536,540,773,56,32,2,9,1,1
1537,540,773,56,32,2,9,1,5
1538,540,773,56,32,2,9,1,6
1539,540,773,56,32,2,9,1,7
1540,540,773,56,32,2,9,1,4
1541,540,773,56,32,2,9,1,3
1542,540,773,57,32,2,9,1,2
1543,540,773,57,32,2,9,1,2
1544,540,773,57,32,2,9,1,1
1545,540,773,57,32,2,9,1,1
1546,540,773,57,32,2,9,1,1
1547,540,773,57,32,2,9,1,5
1548,540,773,57,32,2,9,1,9
1549,540,773,57,32,2,9,1,14
1550,540,773,56,32,2,9,1,16
1551,540,773,56,32,2,9,1,17
1552,540,773,56,32,2,9,1,18
1553,540,773,56,32,2,9,1,15
1554,540,773,56,32,2,9,1,12
1555,540,773,56,32,2,9,1,7
1556,540,773,56,32,2,9,1,5
1557,540,773,55,32,2,9,1,4
1558,540,773,56,32,2,9,1,3
1559,540,773,55,32,2,9,1,3
1560,541,773,55,32,2,9,1,2
1561,541,773,55,32,2,9,1,2
1562,541,773,55,32,2,9,1,1
1563,541,773,55,32,2,9,1,1
1564,541,773,55,32,2,9,1,1
1565,540,773,56,32,2,9,1,1
1566,540,773,56,32,2,9,1,2
1567,540,773,56,32,2,9,1,1
1568,540,773,56,32,2,9,1,4
1569,540,773,56,32,2,9,1,8
1570,540,773,56,32,2,9,1,13
1571,540,773,56,32,2,9,1,13
1572,540,773,56,32,2,9,1,15
1573,540,773,56,32,2,9,1,16
1574,540,773,56,32,2,9,1,14
1575,540,773,56,32,2,9,1,10
1576,540,773,56,32,2,9,1,6
1577,540,773,56,32,2,9,1,4
1578,540,773,56,32,2,9,1,3
1579,540,773,56,32,2,9,1,3
1580,540,773,56,32,2,9,1,3
1581,540,773,56,32,2,9,1,4
1582,540,773,56,32,2,9,1,3
1583,540,773,56,32,2,9,1,4
1584,540,773,56,32,2,9,1,4
1585,540,773,56,32,2,9,1,5
1586,540,773,57,32,2,9,1,6
1587,540,773,57,32,2,9,1,10
1588,540,773,56,32,2,9,1,15
1589,540,773,56,32,2,9,1,19
1590,540,773,56,32,2,9,1,19
1591,540,773,56,32,2,9,1,18
1592,540,773,56,32,2,9,1,15
1593,539,772,57,33,2,9,1,11
1594,539,772,57,33,2,9,1,6
1595,539,772,57,33,2,9,1,4
1596,541,772,55,32,2,9,1,2
1597,541,773,55,32,2,9,1,3
1598,541,773,55,32,2,9,1,4
1599,541,773,55,32,2,9,1,5
1600,541,772,55,32,2,9,1,4
1601,541,772,55,32,2,9,1,8
1602,541,772,55,32,2,9,1,15
1603,541,772,55,32,2,9,1,17
1604,541,772,55,32,2,9,1,15
1605,541,772,55,32,2,9,1,12
1606,542,772,55,32,2,9,1,11
1607,542,772,54,32,2,9,1,8
1608,542,773,54,32,2,9,1,9
1609,543,773,53,32,2,9,1,10
1610,543,773,55,33,2,9,1,10
1611,543,773,54,34,2,9,1,6
1612,543,772,54,35,2,9,1,4
1613,543,773,53,35,2,9,1,3
1614,545,773,51,37,2,9,1,4
1615,540,773,57,40,2,9,1,7
1616,541,773,60,44,2,9,1,16
1618,542,773,70,73,2,9,1,26
1619,539,773,82,77,2,9,1,37
1621,542,780,98,72,2,9,1,48
1622,557,791,89,59,2,9,1,60
1623,573,796,80,55,2,9,1,74
1624,581,796,81,55,2,9,1,86
1625,588,796,82,55,2,9,1,107
1626,597,795,80,57,2,9,1,128
1626,540,775,56,32,16,9,1,139
1627,606,795,79,59,2,9,1,137
1627,538,773,55,32,16,9,1,129
1628,613,794,86,61,2,9,1,127
1628,538,773,55,32,16,9,1,125
1629,622,793,85,61,2,9,1,115
1629,540,774,56,31,16,9,1,101
1630,628,792,80,62,2,9,1,86
1630,539,773,56,32,16,9,1,82
1631,635,793,77,60,2,9,1,80
1631,539,773,57,32,16,9,1,81
1632,642,790,72,63,2,9,1,80
1632,540,773,54,32,16,9,1,83
1633,653,791,69,64,2,9,1,81
1633,541,773,54,32,16,9,1,79
1634,662,793,86,63,2,9,1,74
1634,541,773,54,31,16,9,1,71
1635,672,791,96,64,2,9,1,66
1635,541,773,54,31,16,9,1,60
1636,685,790,96,61,2,9,1,55
1636,541,773,54,31,16,9,1,50
1637,722,791,71,60,2,9,1,50
1637,541,773,54,31,16,9,1,52
1638,727,786,80,69,2,9,1,57
1638,540,773,55,31,16,9,1,60
1639,731,788,89,70,2,9,1,63
1639,540,773,55,31,16,9,1,67
1640,736,788,97,72,2,9,1,67
1640,541,773,54,32,16,9,1,68
1641,738,789,105,77,2,9,1,67
1641,541,773,54,32,16,9,1,68
1642,742,787,115,78,2,9,1,67
1642,541,773,54,32,16,9,1,64
1643,756,787,115,82,2,9,1,63
1643,541,773,54,32,16,9,1,60
1644,766,785,119,86,2,9,1,57
1644,540,773,55,32,16,9,1,54
1645,777,786,119,89,2,9,1,52
1645,540,773,55,32,16,9,1,52
1646,789,788,119,91,2,9,1,51
1646,540,773,55,32,16,9,1,51
1647,797,787,128,93,2,9,1,50
1647,540,772,55,32,16,9,1,50
1648,809,787,128,98,2,9,1,49
1648,540,772,55,32,16,9,1,49
1649,819,784,135,108,2,9,1,49
1649,540,772,55,32,16,9,1,49
1650,831,787,137,108,2,9,1,49
1650,540,772,55,32,16,9,1,49
1651,843,788,143,111,2,9,1,49
1651,540,772,55,32,16,9,1,49
1652,855,787,148,121,2,9,1,49
1652,540,772,55,32,16,9,1,48
1653,868,791,152,122,2,9,1,48
1653,540,772,55,32,16,9,1,48
1654,879,794,166,123,2,9,1,48
1654,540,772,55,32,16,9,1,48
1655,894,791,168,133,2,9,1,48
1655,540,772,55,32,16,9,1,48
1656,909,794,175,138,2,9,1,47
1656,540,772,54,32,16,9,1,47
1657,921,798,189,142,2,9,1,46
1657,540,772,54,32,16,9,1,46
1658,939,797,199,150,2,6,1,38
1658,540,772,54,32,16,6,1,38
1659,960,799,210,158,2,6,1,37
1659,540,772,54,32,16,6,1,31
1660,979,800,221,165,2,6,1,24
1660,540,772,55,32,16,6,1,16
1661,1000,803,238,172,2,6,1,12
1661,540,772,54,32,16,6,1,9
1662,1025,803,252,190,2,6,1,7
1662,540,772,55,32,16,6,1,6
1663,1050,804,276,198,2,6,1,5
1663,540,773,55,32,16,6,1,5
1664,1086,807,290,213,2,6,1,6
1664,540,773,55,32,16,6,1,7
1665,1116,811,321,226,2,6,1,6
1665,540,773,55,32,16,6,1,5
1666,1158,812,345,248,2,6,1,5
1666,537,773,56,32,16,6,1,7
1667,1200,813,387,267,2,6,1,8
1667,537,773,57,32,16,6,1,6
1668,1252,817,429,287,2,6,1,4
1668,540,772,57,32,16,6,1,3
1669,1309,820,485,320,2,6,1,3
1669,540,772,57,32,16,6,1,3
1670,1380,825,555,351,2,6,1,6
1670,540,772,57,32,16,6,1,7
1671,1456,828,646,394,2,6,1,8
1671,540,772,57,32,16,6,1,5
1672,1557,836,761,444,2,6,1,3
1672,540,772,57,33,16,6,1,2
1673,1679,844,880,511,2,6,1,4
1673,540,772,57,33,16,6,1,6
1674,1830,854,727,601,2,6,1,10
1674,540,771,57,33,16,6,1,10
1675,2021,868,535,510,2,6,1,13
1675,540,772,56,33,16,6,1,14
1676,2279,900,281,556,2,6,1,21
1676,540,772,56,33,16,6,1,27
1677,540,772,56,33,16,6,1,36
1678,540,772,56,33,16,6,1,39
1679,540,772,57,33,16,6,1,40
1680,541,772,58,32,16,6,1,33
1681,541,772,58,32,16,6,1,24
1682,541,772,58,32,16,6,1,14
1683,541,772,58,32,16,6,1,10
1684,541,772,58,32,16,6,1,9
1685,541,772,58,32,16,6,1,8
1686,541,772,58,32,16,6,1,7
1687,541,772,58,32,16,6,1,5
1688,541,772,58,32,16,6,1,6
1689,541,772,58,32,16,6,1,6
1690,541,773,58,32,16,6,1,7
1691,541,773,58,32,16,6,1,6
1692,541,773,58,32,16,6,1,7
1693,541,773,58,32,16,6,1,8
1694,541,773,58,32,16,6,1,8
1695,541,773,58,32,16,6,1,13
1696,541,773,58,32,16,6,1,20
1697,541,773,58,32,16,6,1,22
1698,541,773,58,32,16,6,1,17
1699,541,773,58,32,16,6,1,10
1700,541,773,58,32,16,6,1,9
1701,541,773,58,32,16,6,1,9
1702,541,773,58,32,16,6,1,9
1703,541,773,58,32,16,6,1,8
1704,541,773,58,32,16,6,1,6
1705,541,773,58,32,16,6,1,6
1706,541,773,58,32,16,6,1,6
1707,541,773,58,32,16,6,1,7
1708,541,773,57,31,16,6,1,6
1709,541,773,57,31,16,6,1,7
1710,541,773,57,32,16,6,1,8
1711,541,772,57,32,16,6,1,8
1712,541,772,57,32,16,6,1,9
1713,541,772,57,32,16,6,1,10
1714,541,772,57,32,16,6,1,13
1715,541,772,57,32,16,6,1,14
1716,541,772,57,32,16,6,1,15
1717,541,772,57,32,16,6,1,16
1718,541,772,57,32,16,6,1,16
1719,541,772,58,32,16,6,1,13
1720,540,772,58,32,16,6,1,9
1721,541,772,58,32,16,6,1,9
1722,540,772,57,32,16,6,1,11
1723,540,772,57,32,16,6,1,15
1724,540,772,57,32,16,6,1,13
1725,540,772,57,32,16,6,1,10
1726,540,772,56,32,16,6,1,5
1727,540,772,56,32,16,6,1,6
1728,540,773,57,32,16,6,1,9
1729,540,773,58,32,16,6,1,13
1730,540,773,58,32,16,6,1,15
1731,540,773,58,32,16,6,1,13
1732,540,773,58,32,16,6,1,11
1733,540,773,58,32,16,6,1,11
1734,540,772,57,32,16,6,1,16
1735,541,773,57,32,16,6,1,22
1736,541,773,57,32,16,6,1,25
1737,540,773,57,32,16,6,1,21
1738,541,773,57,32,16,6,1,15
1739,541,773,57,32,16,6,1,8
1740,541,773,56,31,16,6,1,5
1741,541,773,57,32,16,6,1,3
1742,541,773,57,32,16,6,1,2
1743,541,773,57,32,16,6,1,2
1744,541,772,57,32,16,6,1,2
1745,541,772,57,32,16,6,1,1
1746,541,773,56,31,16,6,1,1
1747,541,772,57,32,16,6,1,1
1748,541,772,57,32,16,6,1,1
1749,541,773,57,32,16,6,1,2
1750,541,772,57,32,16,6,1,4
1751,541,773,57,32,16,6,1,7
1752,541,772,55,32,16,6,1,9
1753,541,772,56,32,16,6,1,13
1754,541,772,55,32,16,6,1,16
1755,542,772,55,32,16,6,1,19
1756,542,772,54,32,16,6,1,17
1757,541,772,55,33,16,6,1,15
1758,541,772,56,33,16,6,1,12
1759,542,773,55,33,16,6,1,10
1760,544,773,53,33,16,6,1,7
1761,542,773,55,34,16,6,1,5
1762,543,773,54,36,16,6,1,2
1763,541,773,54,37,16,6,1,3
1764,540,773,57,38,16,6,1,5
1765,541,774,56,40,16,6,1,7
1766,538,773,62,45,16,6,1,10
1767,539,773,62,67,16,6,1,12
1768,542,773,64,74,16,6,1,13
1769,544,775,65,72,16,6,1,10
1770,542,775,72,74,16,6,1,10
1771,543,776,79,76,16,6,1,11
1772,546,780,85,70,16,6,1,12
1773,561,789,73,62,16,6,1,9
1774,546,781,95,71,16,6,1,10
1775,568,793,81,59,16,6,1,12
1776,580,790,78,63,16,6,1,15
1777,586,792,77,61,16,6,1,16
1778,594,793,80,60,16,6,1,16
1779,599,792,81,63,16,6,1,15
1780,608,792,82,64,16,6,1,14
1780,538,773,58,32,17,6,1,14
1781,613,792,87,64,16,6,1,12
1781,537,773,57,32,17,6,1,10
1782,621,792,86,66,16,6,1,7
1782,539,774,58,32,17,6,1,8
1783,628,792,82,66,16,6,1,10
1783,538,773,59,32,17,6,1,14
1784,634,789,79,69,16,6,1,12
1784,538,773,60,32,17,6,1,9
1785,640,791,78,69,16,6,1,5
1785,539,773,58,31,17,6,1,3
1786,649,793,71,68,16,6,1,2
1786,539,773,58,31,17,6,1,2
1787,657,795,65,67,16,6,1,2
1787,539,773,57,32,17,6,1,3
1788,667,795,58,66,16,6,1,4
1788,540,773,57,32,17,6,1,4
1789,675,792,96,71,16,6,1,3
1789,540,773,57,32,17,6,1,2
1790,683,787,98,76,16,6,1,3
1790,539,773,58,32,17,6,1,4
1791,692,787,102,78,16,6,1,5
1791,539,773,58,32,17,6,1,4
1792,715,787,91,78,16,6,1,4
1792,539,773,58,32,17,6,1,4
1793,730,790,85,75,16,6,1,6
1793,539,773,58,32,17,6,1,6
1794,728,789,99,84,16,6,1,5
1794,539,773,58,32,17,6,1,2
1795,732,788,109,86,16,6,1,2
1795,539,773,57,32,17,6,1,1
1796,736,788,117,94,16,6,1,2
1796,539,773,58,32,17,6,1,1
1797,742,786,122,103,16,6,1,4
1797,539,773,58,32,17,6,1,6
1798,758,787,118,103,16,6,1,9
1798,540,773,58,32,17,6,1,9
1799,767,787,124,105,16,6,1,9
1799,540,773,58,32,17,6,1,8
1800,777,786,130,109,16,6,1,9
1800,540,772,57,32,17,6,1,12
1801,788,786,133,115,16,6,1,15
1801,540,772,57,32,17,6,1,16
1802,797,787,141,116,16,6,1,17
1802,540,773,58,32,17,6,1,14
1803,809,787,144,121,16,6,1,14
1803,540,773,58,32,17,6,1,13
1804,824,787,147,126,16,6,1,13
1804,540,773,58,32,17,6,1,10
1805,836,790,152,129,16,6,1,6
1805,540,773,58,32,17,6,1,7
1806,847,787,160,138,16,6,1,9
1806,540,773,57,32,17,6,1,12
1807,864,790,163,142,16,6,1,13
1807,540,773,57,32,17,6,1,15
1808,877,792,175,145,16,6,1,16
1808,540,773,57,32,17,6,1,14
1809,894,797,179,150,16,6,1,11
1809,540,773,57,32,17,6,1,7
1810,908,796,192,158,16,6,1,6
1810,540,773,57,32,17,6,1,6
1811,924,799,202,165,16,6,1,6
1811,540,773,57,32,17,6,1,5
1812,941,796,214,180,16,6,1,4
1812,541,774,57,31,17,6,1,2
1813,961,799,228,189,16,6,1,1
1813,541,774,57,31,17,6,1,1
1814,982,799,245,201,16,6,1,1
1814,541,774,57,31,17,6,1,3
1815,1008,805,258,213,16,6,1,6
1815,540,774,58,31,17,6,1,9
1816,1033,808,280,225,16,6,1,10
1816,541,774,57,31,17,6,1,11
1817,1064,811,304,240,16,6,1,11
1817,540,773,57,31,17,6,1,9
1818,1100,810,329,262,16,6,1,6
1818,540,773,57,31,17,6,1,4
1819,1139,808,365,285,16,6,1,3
1819,540,773,57,31,17,6,1,4
1820,1183,815,404,308,16,6,1,3
1820,540,773,57,31,17,6,1,4
1821,1231,821,455,335,16,6,1,4
1821,540,773,57,31,17,6,1,6
1822,1291,826,519,376,16,6,1,8
1822,540,773,57,31,17,6,1,8
1823,1364,830,591,416,16,6,1,8
1823,540,773,57,31,17,6,1,9
1824,1450,834,694,475,16,6,1,12
1824,540,773,58,31,17,6,1,16
1825,1552,842,839,545,16,6,1,18
1825,540,773,57,31,17,6,1,15
1826,1685,855,873,635,16,6,1,11
1826,540,773,58,31,17,6,1,9
1827,1854,869,702,626,16,6,1,10
1827,540,773,58,31,17,6,1,12
1828,2079,889,478,617,16,6,1,11
1828,540,773,58,31,17,6,1,10
1829,540,773,58,31,17,6,1,8
1830,540,773,57,32,17,6,1,11
1831,540,772,57,32,17,6,1,11
1832,540,773,57,32,17,6,1,11
1833,540,773,57,32,17,6,1,6
1834,540,772,57,32,17,6,1,4
1835,540,772,57,32,17,6,1,4
1836,540,772,57,33,17,6,1,7
1837,541,772,55,32,17,6,1,10
1838,541,772,55,32,17,6,1,11
1839,541,772,55,32,17,6,1,10
1840,541,772,55,32,17,6,1,9
1841,541,772,56,32,17,6,1,8
1842,541,772,56,32,17,6,1,6
1843,541,772,55,32,17,6,1,4
1844,541,772,55,32,17,6,1,3
1845,540,772,56,32,17,6,1,3
1846,541,772,56,32,17,6,1,3
1847,541,772,56,32,17,6,1,3
1848,541,773,56,31,17,6,1,7
1849,541,773,56,31,17,6,1,13
1850,541,772,56,31,17,6,1,19
1851,541,772,56,31,17,6,1,21
1852,541,773,56,31,17,6,1,23
1853,541,773,56,31,17,6,1,25
1854,541,773,56,31,17,6,1,22
1855,541,772,56,31,17,6,1,21
1856,541,773,56,31,17,6,1,18
1857,541,773,56,31,17,6,1,19
1858,541,772,56,31,17,6,1,18
1859,541,772,56,31,17,6,1,18
1860,541,772,56,31,17,6,1,18
1861,541,773,56,31,17,6,1,15
1862,541,773,56,31,17,6,1,11
1863,541,773,56,31,17,6,1,6
1864,541,773,56,31,17,6,1,5
1865,541,773,56,31,17,6,1,3
1866,541,773,57,31,17,6,1,2
1867,541,773,56,31,17,6,1,1
1868,541,773,56,31,17,6,1,1
1869,541,773,56,31,17,6,1,0
1870,541,772,56,31,17,6,1,0
1871,541,772,56,31,17,6,1,0
1872,540,772,56,32,17,6,1,1
1873,540,772,57,32,17,6,1,3
1874,541,773,56,31,17,6,1,5
1875,541,773,57,32,17,6,1,6
1876,541,773,57,31,17,6,1,6
1877,541,773,57,31,17,6,1,6
1878,541,773,57,31,17,6,1,5
1879,541,773,56,32,17,6,1,5
1880,541,773,56,32,17,6,1,4
1881,541,773,56,32,17,6,1,4
1882,541,773,56,32,17,6,1,4
1883,541,773,56,32,17,6,1,3
1884,541,773,57,31,17,6,1,3
1885,541,773,57,31,17,6,1,4
1886,541,773,57,31,17,6,1,5
1887,541,773,56,31,17,6,1,6
1888,541,773,56,31,17,6,1,4
1889,541,773,56,31,17,6,1,7
1890,543,773,54,31,17,6,1,10
1891,543,773,54,31,17,6,1,12
1892,543,773,54,31,17,6,1,10
1893,543,773,54,31,17,6,1,6
1894,542,773,54,32,17,6,1,5
1895,543,773,54,32,17,6,1,3
1896,542,774,57,31,17,6,1,8
1897,542,774,57,31,17,6,1,12
1898,542,774,57,31,17,6,1,19
1899,542,774,57,31,17,6,1,20
1900,542,774,57,31,17,6,1,21
1901,542,774,57,31,17,6,1,20
1902,542,774,57,31,17,6,1,16
1903,542,774,57,31,17,6,1,11
1904,542,774,57,31,17,6,1,5
1905,542,774,57,31,17,6,1,3
1906,542,774,57,31,17,6,1,2
1907,542,773,57,31,17,6,1,2
1908,542,774,58,31,17,6,1,3
1909,542,773,57,31,17,6,1,3
1910,542,773,56,31,17,6,1,2
1911,542,774,57,31,17,6,1,2
1912,542,774,58,31,17,6,1,2
1913,542,774,57,31,17,6,1,2
1914,542,773,57,31,17,6,1,2
1915,541,773,58,32,17,6,1,2
1916,541,773,58,32,17,6,1,4
1917,541,773,57,32,17,6,1,5
1918,541,773,57,32,17,6,1,6
1919,541,773,57,32,17,6,1,5
1920,543,774,57,31,17,6,1,4
1921,543,774,57,31,17,6,1,4
1922,543,774,57,31,17,6,1,6
1923,543,774,57,31,17,6,1,7
1924,543,774,57,31,17,6,1,7
1925,543,774,57,31,17,6,1,6
1926,543,774,57,31,17,6,1,5
1927,543,774,56,31,17,6,1,4
1928,543,773,56,31,17,6,1,3
1929,543,773,57,31,17,6,1,3
1930,543,773,57,31,17,6,1,3
1931,543,773,56,31,17,6,1,6
1932,543,773,56,32,17,6,1,10
1933,543,773,56,32,17,6,1,15
1934,542,773,56,31,17,6,1,17
1935,543,773,55,31,17,6,1,13
1936,542,773,56,31,17,6,1,9
1937,543,773,55,31,17,6,1,6
1938,543,773,56,31,17,6,1,5
1939,543,773,55,31,17,6,1,6
1940,543,773,55,31,17,6,1,6
1941,542,773,56,31,17,6,1,9
1942,542,773,56,31,17,6,1,8
1943,543,773,56,31,17,6,1,8
1944,542,773,56,31,17,6,1,6
1945,542,773,56,31,17,6,1,5
1946,542,773,56,31,17,6,1,5
1947,542,773,56,31,17,6,1,6
1948,542,773,56,31,17,6,1,6
1949,542,773,56,31,17,6,1,6
1950,542,773,56,31,17,6,1,4
1951,542,773,57,31,17,6,1,2
1952,542,773,57,31,17,6,1,1
1953,542,773,57,31,17,6,1,1
1954,542,773,57,31,17,6,1,1
1955,542,773,57,31,17,6,1,4
1956,542,773,57,31,17,6,1,7
1957,541,773,57,32,17,6,1,9
1958,541,773,57,32,17,6,1,8
1959,541,773,58,32,17,6,1,9
1960,541,773,57,32,17,6,1,9
1961,541,773,57,32,17,6,1,11
1962,541,773,57,32,17,6,1,9
1963,541,772,55,32,17,6,1,7
1964,541,772,56,32,17,6,1,3
1965,541,772,56,32,17,6,1,4
1966,541,772,56,32,17,6,1,5
1967,541,772,56,32,17,6,1,7
1968,542,773,55,32,17,6,1,9
1969,542,773,55,32,17,6,1,11
1970,542,773,55,32,17,6,1,11
1971,542,772,54,32,17,6,1,9
1972,542,772,55,32,17,6,1,7
1973,542,772,55,32,17,6,1,7
1974,542,772,55,32,17,6,1,9
1975,542,772,55,32,17,6,1,12
1976,542,772,55,32,17,6,1,12
1977,542,773,55,32,17,6,1,9
1978,542,773,54,32,17,6,1,5
1979,542,773,54,32,17,6,1,3
1980,542,772,55,32,17,6,1,2
1981,542,772,55,32,17,6,1,1
1982,542,772,55,32,17,6,1,5
1983,542,773,55,31,17,6,1,9
1984,542,773,55,31,17,6,1,15
1985,542,773,55,31,17,6,1,13
1986,542,773,55,31,17,6,1,9
1987,542,773,55,31,17,6,1,5
1988,542,773,55,31,17,6,1,4
1989,542,773,55,31,17,6,1,4
1990,542,773,55,31,17,6,1,4
1991,542,773,55,31,17,6,1,5
1992,540,773,57,31,17,6,1,8
1993,540,773,57,31,17,6,1,12
1994,540,773,57,31,17,6,1,12
1995,540,773,57,32,17,6,1,13
1996,540,773,57,32,17,6,1,14
1997,540,773,57,31,17,6,1,19
1998,540,773,57,31,17,6,1,21
1999,540,773,57,31,17,6,1,24
2000,540,773,57,32,17,6,1,28
2001,540,773,56,32,17,6,1,25
2002,540,773,56,32,17,6,1,20
2003,540,773,56,32,17,6,1,13
2004,542,772,55,31,17,6,1,10
2005,542,772,55,31,17,6,1,8
2006,542,772,55,32,17,6,1,6
2007,542,772,55,31,17,6,1,7
2008,542,773,55,31,17,6,1,6
2009,542,773,55,31,17,6,1,6
2010,542,773,55,31,17,6,1,3
2011,542,773,56,31,17,6,1,3
2012,542,773,56,31,17,6,1,1
2013,542,773,56,31,17,6,1,1
2014,542,773,56,31,17,6,1,6
2015,542,773,56,31,17,6,1,10
2016,542,772,56,32,17,6,1,16
2017,542,773,57,32,17,6,1,21
2018,542,773,57,32,17,6,1,29
2019,542,773,57,32,17,6,1,38
2020,542,773,57,32,17,6,1,46
2021,542,773,58,31,17,6,1,40
2022,542,773,58,31,17,6,1,37
2023,542,773,58,31,17,6,1,31
2024,542,773,58,31,17,6,1,45
2025,542,773,58,31,17,6,1,57
2026,542,773,58,31,17,6,1,70
2027,541,773,58,31,17,6,1,73
2028,539,773,58,32,17,6,1,65
2029,539,773,58,32,17,6,1,49
2030,540,773,58,32,17,6,1,32
2031,540,773,58,32,17,6,1,49
2032,540,773,58,32,17,6,1,80
2033,539,773,58,32,17,6,1,119
2034,539,773,58,32,17,6,1,132
2035,539,773,58,32,17,6,1,139
2036,539,773,58,32,17,6,1,143
2037,541,773,57,31,17,6,1,143
2038,541,773,57,31,17,6,1,140
2039,541,773,57,31,17,6,1,116
2040,543,774,56,31,17,6,1,94
2041,543,774,56,31,17,6,1,94
2042,543,774,56,31,17,6,1,102
2043,543,774,56,31,17,6,1,123
2044,543,774,56,31,17,9,1,34
2045,542,774,56,31,17,9,1,34
2046,542,774,56,31,17,9,1,34
2047,543,773,55,31,17,9,1,34
2048,543,773,55,31,17,9,1,34
2049,543,773,55,31,17,9,1,34
2050,543,773,55,31,17,9,1,33
2051,542,773,55,31,17,9,1,33
2052,542,773,55,31,17,9,1,32
2053,542,773,55,31,17,9,1,32
2054,542,773,55,31,17,9,1,32
2055,542,773,55,31,17,9,1,32
2056,542,773,55,31,17,9,1,32
2057,542,773,55,31,17,9,1,32
2058,542,773,55,31,17,9,1,32
2059,542,773,55,31,17,9,1,32
2060,542,773,55,31,17,9,1,32
2061,542,773,55,31,17,9,1,33
2062,542,773,55,31,17,9,1,33
2063,542,773,55,31,17,9,1,33
2064,543,773,56,31,17,9,1,33
2065,542,773,57,31,17,9,1,33
2066,542,773,57,31,17,9,1,33
2067,543,772,55,32,17,9,1,33
2068,543,772,55,32,17,9,1,33
2069,543,772,55,32,17,9,1,33
2070,543,772,55,32,17,9,1,33
2071,543,772,55,32,17,9,1,33
2072,543,772,55,32,17,9,1,33
2073,543,772,55,32,17,9,1,33
2074,543,772,55,32,17,9,1,34
2075,543,773,53,32,17,9,1,35
2076,543,773,53,32,17,9,1,35
2077,542,772,54,32,17,9,1,36
2078,542,772,54,32,17,9,1,37
2079,542,772,54,32,17,9,1,38
2080,543,772,54,32,17,9,1,38
2081,543,772,54,32,17,9,1,38
2082,543,772,54,32,17,9,1,37
2083,543,772,54,32,17,9,1,37
2084,543,772,54,32,17,9,1,36
2085,542,772,53,32,17,9,1,36
2086,542,772,53,32,17,9,1,36
2087,542,772,54,32,17,9,1,36
2088,544,773,53,32,17,9,1,36
2089,544,773,53,32,17,9,1,36
2090,544,773,53,32,17,9,1,36
2091,544,773,53,32,17,9,1,36
2092,544,773,53,32,17,9,1,36
2093,544,773,53,32,17,9,1,35
2094,544,773,53,32,17,9,1,34
2095,544,773,54,32,17,9,1,33
2096,544,773,54,32,17,9,1,33
2097,544,773,53,32,17,9,1,33
2098,543,773,53,32,17,9,1,34
2099,543,773,55,32,17,9,1,36
2100,543,773,56,31,17,9,1,38
2101,543,773,56,31,17,9,1,41
2102,543,773,56,31,17,9,1,43
2103,543,773,56,31,17,9,1,46
2104,544,773,56,31,17,9,1,48
2105,543,773,56,31,17,9,1,50
2106,543,773,55,31,17,9,1,51
2107,543,773,54,32,17,9,1,52
2108,544,773,55,32,17,9,1,53
2109,544,773,55,32,17,9,1,53
2110,543,773,55,32,17,9,1,52
2111,543,773,55,32,17,9,1,51
2112,543,773,55,32,17,9,1,52
2113,543,773,55,32,17,9,1,51
2114,543,773,55,32,17,9,1,51
2115,543,773,55,32,17,9,1,54
2116,543,773,55,32,17,9,1,57
2117,543,773,55,32,17,9,1,58
2118,543,773,55,32,17,9,1,57
2119,543,773,55,32,17,9,1,57
2120,543,773,55,32,17,9,1,57
2121,542,773,56,32,17,9,1,54
2122,542,773,55,31,17,9,1,46
2123,542,773,55,31,17,9,1,45
2124,542,772,55,32,17,9,1,46
2124,2372,721,186,248,18,9,1,56
2125,542,772,55,32,17,9,1,64
2125,2262,647,297,306,18,9,1,72
2126,542,772,55,32,17,9,1,75
2126,2158,615,400,326,18,9,1,77
2127,541,773,58,32,17,9,1,75
2127,2066,639,492,327,18,9,1,75
2128,541,773,58,32,17,9,1,78
2128,1983,595,577,358,18,9,1,86
2129,541,772,58,32,17,9,1,101
2129,1909,607,646,334,18,9,1,114
2130,541,772,58,32,17,9,1,126
2130,1846,614,598,317,18,9,1,128
2131,541,773,58,32,17,9,1,126
2131,1786,618,552,298,18,9,1,119
2132,541,773,57,31,17,9,1,113
2132,1731,623,513,284,18,9,1,103
2133,541,772,57,32,17,9,1,98
2133,1681,630,474,269,18,9,1,94
2134,541,772,58,32,17,9,0,32
2134,1633,634,445,257,18,9,0,32
2135,541,772,58,32,17,9,0,32
2135,1594,642,413,241,18,9,0,32
2136,541,772,57,32,17,9,0,32
2136,1550,643,390,233,18,9,0,32
2137,541,772,56,32,17,9,0,32
2137,1513,649,368,221,18,9,0,32
2138,541,772,56,32,17,9,0,32
2138,1479,653,347,211,18,9,0,32
2139,541,772,56,32,17,9,0,31
2139,1446,653,328,206,18,9,0,31
2140,541,772,57,32,17,9,0,31
2140,1414,655,311,199,18,9,0,31
2141,541,772,56,32,17,9,0,31
2141,1385,661,297,189,18,9,0,31
2142,541,772,56,32,17,9,0,31
2142,1354,664,288,183,18,9,0,31
2143,541,772,56,32,17,9,0,31
2143,1335,667,266,175,18,9,0,30
2144,541,772,56,32,17,9,0,30
2144,1307,666,258,176,18,9,0,29
2145,541,772,56,32,17,9,0,29
2145,1286,673,243,164,18,9,0,28
2146,541,772,57,32,17,9,0,28
2146,1261,674,237,160,18,9,0,27
2147,541,772,55,32,17,9,0,27
2147,1233,679,236,154,18,9,0,27
2148,542,773,57,32,17,9,0,27
2148,1219,678,220,152,18,9,0,26
2149,542,773,56,32,17,9,0,26
2149,1200,680,213,150,18,9,0,26
2150,542,773,57,32,17,9,0,25
2150,1183,682,205,145,18,9,0,25
2151,542,773,57,32,17,9,0,24
2151,1164,687,199,139,18,9,0,24
2152,541,773,57,32,17,9,0,24
2152,1147,690,190,134,18,9,0,24
2153,541,773,57,32,17,9,0,25
2153,1130,691,186,132,18,9,0,26
2154,541,773,57,32,17,9,0,27
2154,1116,692,176,130,18,9,0,29
2155,541,773,57,32,17,9,0,30
2155,1101,690,174,130,18,9,0,32
2156,542,773,57,31,17,9,0,33
2156,1087,693,168,124,18,9,0,35
2157,541,773,58,32,17,9,0,38
2157,1070,697,165,119,18,9,0,42
2158,541,773,58,32,17,9,0,45
2158,1058,700,158,114,18,9,0,46
2159,541,773,58,32,17,9,0,45
2159,1040,703,159,109,18,9,0,44
2160,542,773,58,32,17,9,0,42
2160,1029,702,153,109,18,9,0,41
2161,542,773,58,32,17,9,0,39
2161,1018,701,147,111,18,9,0,38
2162,542,772,58,32,17,9,0,38
2162,1002,706,146,106,18,9,0,38
2163,542,772,58,32,17,9,0,39
2163,986,708,145,103,18,9,0,41
2164,542,772,58,32,17,9,0,44
2164,978,707,140,104,18,9,0,46
2165,542,772,58,32,17,9,0,48
2165,965,709,140,101,18,9,0,49
2166,542,772,58,32,17,9,0,50
2166,956,710,133,100,18,9,0,49
2167,542,772,58,32,17,9,0,49
2167,943,714,132,96,18,9,1,31
2168,541,772,59,32,17,9,1,31
2168,934,716,129,93,18,9,1,31
2169,541,772,59,33,17,9,1,31
2169,921,714,129,96,18,9,1,31
2170,541,772,58,33,17,9,1,31
2170,910,720,124,90,18,9,1,31
2171,541,772,59,33,17,9,1,31
2171,903,720,118,90,18,9,1,31
2172,541,772,60,32,17,9,1,31
2172,890,724,122,86,18,9,1,31
2173,541,772,60,32,17,9,1,31
2173,878,724,122,87,18,9,1,31
2174,541,773,60,32,17,9,1,31
2174,868,727,119,85,18,9,1,31
2175,541,773,60,32,17,9,1,32
2175,860,727,116,87,18,9,1,32
2176,541,773,60,32,17,9,1,33
2176,847,731,115,83,18,9,1,33
2177,541,772,59,32,17,9,1,33
2177,839,734,112,81,18,9,1,33
2178,542,772,59,32,17,9,1,34
2178,832,735,106,79,18,9,1,34
2179,542,772,58,32,17,9,1,34
2179,822,736,106,80,18,9,1,34
2180,542,773,58,32,17,9,1,35
2180,809,735,109,80,18,9,1,35
2181,542,773,57,32,17,9,1,35
2181,801,739,106,76,18,9,1,35
2182,542,773,57,32,17,9,1,35
2182,792,739,101,77,18,9,1,36
2183,542,773,57,32,17,9,1,36
2183,783,740,102,75,18,9,1,37
2184,541,773,58,32,17,9,1,38
2184,774,740,99,75,18,9,1,39
2185,541,773,58,32,17,9,1,39
2185,766,743,97,72,18,9,1,40
2186,541,773,58,32,17,9,1,41
2186,759,745,93,70,18,9,1,41
2187,541,772,56,33,17,9,1,41
2187,751,746,92,68,18,9,1,41
2188,541,772,56,33,17,9,1,41
2188,742,748,92,67,18,9,1,41
2189,541,772,56,33,17,9,1,41
2189,733,751,92,63,18,9,1,41
2190,540,772,56,33,17,9,1,41
2190,730,753,88,60,18,9,1,43
2191,541,772,56,33,17,9,1,43
2191,728,755,82,59,18,9,1,44
2192,540,772,57,33,17,9,1,44
2192,719,754,82,60,18,9,1,46
2193,540,772,56,33,17,9,1,50
2193,717,754,78,59,18,9,1,54
2194,540,772,56,33,17,9,1,62
2194,718,755,65,56,18,9,1,65
2195,540,772,56,32,17,9,1,69
2195,713,755,65,57,18,9,1,67
2196,540,773,56,32,17,9,1,66
2196,710,757,58,54,18,9,1,60
2197,541,773,56,32,17,9,1,54
2197,683,755,80,57,18,9,1,51
2198,540,773,56,32,17,9,1,53
2199,541,773,56,32,17,9,1,56
2200,541,772,56,32,17,9,1,56
2201,540,772,55,33,17,9,1,59
2202,540,772,56,33,17,9,1,61
2202,654,764,44,57,18,9,1,61
2203,540,772,56,33,17,9,1,57
2203,649,758,50,65,18,9,1,53
2204,540,772,56,33,17,9,1,51
2204,642,760,60,61,18,9,1,49
2205,540,772,56,33,17,9,1,50
2205,640,762,59,61,18,9,1,50
2206,540,773,57,33,17,9,1,54
2206,637,763,63,61,18,9,1,59
2207,540,773,57,33,17,9,1,65
2207,632,762,63,62,18,9,1,80
2208,540,773,57,33,17,9,1,91
2208,626,765,66,57,18,9,1,111
2209,540,773,56,34,17,9,1,120
2209,619,765,72,58,18,9,1,132
2210,541,773,56,34,17,9,1,133
2210,615,767,67,55,18,9,1,127
2211,541,772,54,36,17,9,1,117
2211,610,766,67,55,18,9,1,100
2212,541,772,56,37,17,9,1,90
2212,603,766,72,54,18,9,1,79
2213,539,773,57,33,17,9,1,74
2213,601,771,65,49,18,9,1,61
2214,540,774,57,34,17,9,1,58
2214,600,772,60,48,18,9,1,46
2215,539,774,58,36,17,9,1,48
2215,596,771,59,49,18,9,1,39
2216,539,775,60,38,17,6,0,30
2216,595,775,55,44,18,6,0,30
2217,545,773,101,49,18,6,0,30
2218,545,773,98,48,18,6,0,30
2219,545,774,94,46,18,6,0,30
2220,546,773,86,45,18,6,0,30
2221,547,774,78,43,18,6,0,30
2222,545,775,74,44,18,6,0,30
2223,543,774,74,44,18,6,0,32
2224,542,775,69,42,18,6,0,34
2225,542,774,65,44,18,6,0,37
2226,543,774,60,42,18,6,0,37
2227,541,773,62,43,18,6,0,38
2228,544,775,56,43,17,6,0,37
2229,539,774,59,44,17,6,0,35
2230,540,775,58,40,17,6,0,33
2231,541,774,57,39,17,6,0,30
2232,543,773,53,37,17,6,0,29
2233,544,773,53,37,17,6,0,28
2234,543,772,51,40,17,6,0,28
2235,543,772,52,39,17,6,0,28
2236,543,772,52,37,17,6,0,28
2237,543,772,51,36,17,6,0,29
2238,542,772,53,33,17,6,0,30
2239,544,772,52,32,17,6,0,30
2240,542,772,54,32,17,6,0,29
2241,542,772,53,33,17,6,0,29
2242,539,771,56,36,17,6,0,29
2243,537,772,60,40,17,6,0,29
2244,538,772,63,77,17,6,0,29
2245,538,772,62,36,24,9,0,50
2246,537,771,63,37,24,9,0,49
2250,577,807,67,51,25,9,0,49
2251,540,773,56,32,24,9,0,49
2251,578,808,71,50,25,9,0,50
2252,540,773,57,32,24,9,0,50
2252,581,806,76,55,25,9,0,50
2253,540,773,56,32,24,9,0,49
2253,588,807,77,55,25,9,0,49
2254,541,774,56,31,24,9,0,49
2254,600,807,73,53,25,9,0,48
2255,540,774,56,31,24,9,0,47
2255,606,807,74,53,25,9,0,46
2256,541,774,56,30,24,9,0,46
2256,611,806,73,55,25,9,0,45
2257,540,774,58,31,24,9,0,45
2257,616,805,78,58,25,9,0,45
2258,540,773,57,31,24,9,0,46
2258,624,807,79,56,25,9,0,46
2259,541,773,58,31,24,9,0,47
2259,633,808,78,56,25,9,0,47
2260,541,773,57,31,24,9,0,47
2260,638,805,81,63,25,9,0,47
2261,541,773,57,31,24,9,0,46
2261,646,805,73,67,25,9,0,45
2262,541,773,58,31,24,9,0,44
2262,652,808,71,65,25,9,0,44
2263,541,773,58,31,24,9,0,43
2263,660,811,67,63,25,9,0,44
2264,542,773,57,31,24,9,0,46
2265,542,773,57,31,24,9,0,49
2266,542,773,57,31,24,9,0,46
2267,541,773,57,32,24,9,0,43
2267,707,803,83,69,25,9,0,37
2268,540,773,58,32,24,9,0,36
2268,727,805,80,71,25,9,0,34
2269,540,773,58,32,24,9,0,33
2269,731,804,83,73,25,9,0,37
2270,540,773,58,32,24,9,0,42
2270,736,807,91,74,25,9,0,48
2271,540,773,58,32,24,9,0,50
2271,740,808,100,77,25,9,0,51
2272,540,773,58,32,24,9,0,49
2272,748,808,107,87,25,9,0,47
2273,540,773,58,32,24,9,0,46
2273,756,807,110,89,25,9,0,47
2274,540,773,58,32,24,9,0,46
2274,765,808,112,93,25,9,0,46
2275,540,773,58,32,24,9,0,45
2275,777,810,114,94,25,9,0,46
2276,540,773,58,32,24,9,1,67
2276,786,810,122,99,25,9,1,65
2277,540,773,58,32,24,9,1,62
2277,798,811,125,106,25,9,1,59
2278,540,772,58,32,24,9,1,57
2278,809,814,130,109,25,9,1,55
2279,540,772,58,32,24,9,1,44
2279,821,816,135,110,25,9,1,33
2280,539,773,62,32,24,9,1,20
2280,833,819,144,114,25,9,1,17
2281,539,773,62,32,24,9,1,13
2281,848,823,144,116,25,9,1,12
2282,539,773,62,32,24,9,1,12
2282,860,822,149,123,25,9,1,14
2283,539,773,62,32,24,9,1,16
2283,872,824,159,128,25,9,1,14
2284,539,773,62,32,24,9,1,15
2284,887,827,164,134,25,9,1,14
2285,539,773,62,32,24,9,1,14
2285,900,827,180,144,25,9,1,9
2286,539,773,62,32,24,9,1,7
2286,920,832,186,150,25,9,1,5
2287,540,773,60,32,24,9,1,5
2287,936,831,196,161,25,9,1,5
2288,540,773,60,32,24,9,1,4
2288,954,839,211,168,25,9,1,4
2289,540,773,60,32,24,9,1,3
2289,978,847,214,175,25,9,1,6
2290,540,773,60,32,24,9,1,9
2290,1003,853,229,185,25,9,1,11
2291,540,773,60,32,24,9,1,10
2291,1027,857,260,200,25,9,1,8
2292,540,773,58,32,24,9,1,7
2292,1061,860,274,216,25,9,1,9
2293,540,773,58,32,24,9,1,11
2293,1094,865,296,234,25,9,1,11
2294,540,773,57,32,24,9,1,9
2294,1134,872,329,254,25,9,1,6
2295,540,773,57,32,24,9,1,6
2295,1176,878,372,280,25,9,1,6
2296,540,773,57,32,24,9,1,5
2296,1230,886,418,308,25,9,1,6
2297,539,773,58,32,24,9,1,7
2297,1292,897,475,339,25,9,1,8
2298,540,773,58,31,24,9,1,8
2298,1368,909,547,379,25,9,1,8
2299,540,773,57,32,24,9,1,10
2299,1457,921,642,435,25,9,1,9
2300,540,773,57,32,24,9,1,8
2300,1572,938,768,502,25,9,1,5
2301,540,773,57,31,24,9,1,5
2301,1712,962,846,582,25,9,1,5
2302,539,773,57,32,24,9,1,5
2302,1892,992,665,669,25,9,1,10
2303,539,773,57,32,24,9,1,10
2303,2130,1030,427,562,25,9,1,14
2304,539,772,57,32,24,9,1,10
2305,540,773,58,31,24,9,1,10
2306,539,772,59,32,24,9,1,7
2307,541,772,56,32,24,9,1,8
2308,541,772,55,32,24,9,1,10
2309,541,772,55,32,24,9,1,9
2310,541,772,56,32,24,9,1,7
2311,541,772,56,32,24,9,1,4
2312,540,772,56,32,24,9,1,3
2313,541,772,56,32,24,9,1,6
2314,541,772,56,32,24,9,1,6
2315,541,772,55,32,24,9,1,6
2316,542,773,57,31,24,9,1,3
2317,542,772,56,31,24,9,1,5
2318,542,772,56,31,24,9,1,7
2319,542,772,56,31,24,9,1,8
2320,542,773,56,31,24,9,1,10
2321,542,773,56,31,24,9,1,12
2322,542,773,56,31,24,9,1,16
2323,542,773,56,31,24,9,1,13
2324,542,773,56,31,24,9,1,14
2325,542,773,57,31,24,9,1,11
2326,542,773,56,31,24,9,1,12
2327,540,772,56,32,24,9,1,7
2328,539,773,56,32,24,9,1,5
2329,539,773,56,32,24,9,1,3
2330,540,773,56,32,24,9,1,5
2331,540,773,56,32,24,9,1,6
2332,540,773,56,32,24,9,1,8
2333,540,773,56,32,24,9,1,5
2334,539,773,56,32,24,9,1,4
2335,539,773,56,32,24,9,1,2
2336,539,773,56,32,24,9,1,2
2337,540,773,57,31,24,9,1,2
2338,540,773,57,31,24,9,1,3
2339,540,773,57,31,24,9,1,3
2340,541,773,55,31,24,9,1,3
2341,541,773,55,31,24,9,1,2
2342,541,773,55,31,24,9,1,7
2343,541,773,55,31,24,9,1,14
2344,541,773,55,31,24,9,1,30
2345,543,773,54,32,24,9,1,45
2346,544,773,54,32,24,9,1,65
2347,542,773,58,35,24,9,1,81
2348,542,773,57,36,24,9,1,94
2349,542,773,58,37,24,9,1,115
2350,542,773,57,38,24,9,1,125
2351,542,773,56,37,24,9,1,135
2352,540,773,60,42,24,9,1,130
2353,540,772,61,52,24,9,1,131
2354,543,773,62,70,24,9,1,130
2355,541,773,63,71,24,9,1,130
2356,541,773,67,74,24,9,1,130
2357,542,772,70,77,24,9,1,121
2358,542,773,77,78,24,9,1,109
2359,541,773,82,78,24,9,1,93
2360,542,776,87,77,24,9,1,83
2361,549,782,86,71,24,9,1,75
2362,553,784,89,69,24,9,1,75
2363,562,787,85,66,24,9,1,77
2364,576,793,77,60,24,9,1,82
2365,1647,684,464,222,23,9,1,80
2365,593,792,81,63,24,9,1,80
2366,1576,688,414,206,23,9,1,78
2366,597,793,81,62,24,9,1,72
2367,1511,688,375,198,23,9,1,63
2367,605,795,79,61,24,9,1,54
2368,1456,690,342,189,23,9,1,51
2368,610,794,79,62,24,9,1,47
2369,1411,696,307,174,23,9,1,45
2369,612,796,85,61,24,9,1,42
2370,1365,698,287,163,23,9,1,44
2370,620,795,86,63,24,9,1,47
2371,1327,699,265,155,23,9,1,51
2371,626,795,84,63,24,9,1,53
2372,1293,703,249,148,23,9,1,55
2372,632,796,81,62,24,9,1,57
2373,1261,707,232,139,23,9,1,57
2373,638,797,79,62,24,9,1,55
2374,1230,709,221,132,23,9,1,52
2374,645,797,76,64,24,9,1,52
2375,1208,709,205,126,23,9,1,52
2375,648,797,74,64,24,9,1,53
2376,1185,711,194,124,23,9,1,51
2376,655,798,69,65,24,9,1,51
2377,1158,711,188,121,23,9,1,50
2377,664,798,62,66,24,9,1,48
2378,1140,714,177,115,23,9,1,46
2378,672,795,95,69,24,9,1,43
2379,1118,716,172,110,23,9,1,43
2379,679,793,99,73,24,9,1,42
2380,1101,715,166,108,23,9,1,42
2380,685,788,104,78,24,9,1,42
2381,1082,716,161,105,23,9,1,42
2381,691,791,106,75,24,9,1,42
2382,1065,717,158,100,23,9,1,41
2382,719,791,92,75,24,9,1,40
2383,1049,718,151,101,23,9,1,40
2383,730,791,86,76,24,9,1,39
2384,1031,720,150,93,23,9,1,39
2384,731,788,99,84,24,9,1,39
2385,1017,718,146,95,23,9,1,39
2385,735,790,104,83,24,9,1,40
2386,1003,722,139,90,23,9,1,40
2386,738,789,110,86,24,9,1,41
2387,985,722,142,88,23,9,1,41
2387,743,789,116,94,24,9,1,41
2388,974,725,136,85,23,9,1,41
2388,752,789,119,94,24,9,1,41
2389,961,728,134,81,23,9,1,41
2389,762,789,122,98,24,9,0,100
2390,948,726,133,84,23,9,0,97
2390,771,788,122,99,24,9,0,90
2391,935,730,127,79,23,9,0,81
2391,779,788,130,104,24,9,0,71
2392,924,731,120,78,23,9,0,66
2392,789,788,132,106,24,9,0,62
2393,909,731,123,79,23,9,0,59
2393,799,787,132,109,24,9,0,58
2394,898,734,120,75,23,9,0,60
2394,806,789,142,109,24,9,0,64
2395,886,735,120,72,23,9,0,64
2395,818,791,144,113,24,9,0,63
2396,875,738,118,67,23,9,0,61
2396,829,792,146,115,24,9,0,59
2397,861,745,116,59,23,9,0,57
2397,842,793,146,119,24,9,0,55
2398,854,747,108,72,23,9,0,56
2398,855,797,152,120,24,9,0,59
2399,842,749,110,67,23,9,0,60
2399,861,794,160,127,24,9,0,61
2400,832,747,106,68,23,9,0,59
2400,873,794,167,131,24,9,0,60
2401,822,750,105,65,23,9,0,58
2401,886,795,167,138,24,9,0,57
2402,811,750,106,64,23,9,0,54
2402,899,796,175,141,24,9,0,54
2403,800,753,104,61,23,9,0,52
2403,910,800,182,143,24,9,0,51
2404,793,753,102,61,23,9,0,48
2404,921,801,193,151,24,9,0,47
2405,785,754,99,60,23,9,0,46
2405,936,804,199,154,24,9,0,46
2406,775,752,100,61,23,9,0,46
2406,950,803,208,164,24,9,0,47
2407,765,752,97,62,23,9,0,47
2407,965,805,221,174,24,9,0,47
2408,761,754,92,60,23,9,0,47
2408,984,809,231,182,24,9,0,47
2409,753,755,92,61,23,9,0,47
2409,1003,813,242,191,24,9,0,47
2410,746,759,88,56,23,9,0,47
2410,1023,816,259,202,24,9,0,47
2411,734,761,94,54,23,9,0,47
2411,1044,816,274,213,24,9,0,47
2412,729,762,90,53,23,9,0,47
2412,1067,824,296,220,24,9,0,46
2413,726,759,86,56,23,9,0,46
2413,1099,824,311,240,24,9,0,45
2414,725,765,76,49,23,9,0,45
2414,1128,827,338,257,24,9,0,45
